Affordability Data: 1-Yr Change,Affordability Data: Foreclosures,Affordability Data: Homes For Sale,Affordability Data: Homes For Sale By Owner,Affordability Data: Homes Recently Sold,Affordability Data: Median 2-Bedroom Home Value,Affordability Data: Median 3-Bedroom Home Value,Affordability Data: Median 4-Bedroom Home Value,Affordability Data: Median Condo Value,Affordability Data: Median List Price,Affordability Data: Median List Price Per Sq Ft,Affordability Data: Median Sale Price,Affordability Data: Median Single Family Home Value,Affordability Data: Median Value Per Sq Ft,Affordability Data: New Construction,Affordability Data: Percent Homes Decreasing,Affordability Data: Percent Listing Price Reduction,Affordability Data: Property Tax,Affordability Data: Turnover (Sold Within Last Yr),Affordability Data: Zillow Home Value Index,BuiltYear: 1900-1919,BuiltYear: 1920-1939,BuiltYear: 1940-1959,BuiltYear: 1960-1979,BuiltYear: 1980-1999,BuiltYear: <1900,BuiltYear: >2000,Census Summary-AgeDecade: 0s,Census Summary-AgeDecade: 10s,Census Summary-AgeDecade: 20s,Census Summary-AgeDecade: 30s,Census Summary-AgeDecade: 40s,Census Summary-AgeDecade: 50s,Census Summary-AgeDecade: 60s,Census Summary-AgeDecade: >=70s,Census Summary-CommuteTime: 10-20min,Census Summary-CommuteTime: 20-30min,Census Summary-CommuteTime: 30-45min,Census Summary-CommuteTime: 45-60min,Census Summary-CommuteTime: <10min,Census Summary-CommuteTime: >=60min,Census Summary-HomeSize: 1000-1400sqft,Census Summary-HomeSize: 1400-1800sqft,Census Summary-HomeSize: 1800-2400sqft,Census Summary-HomeSize: 2400-3600sqft,Census Summary-HomeSize: <1000sqft,Census Summary-HomeSize: >3600sqft,Census Summary-HomeType: Condo,Census Summary-HomeType: Other,Census Summary-HomeType: SingleFamily,Census Summary-Household: NoKids,Census Summary-Household: WithKids,Census Summary-Occupancy: Own,Census Summary-Occupancy: Rent,Census Summary-RelationshipStatus: Divorced-Female,Census Summary-RelationshipStatus: Divorced-Male,Census Summary-RelationshipStatus: Married-Female,Census Summary-RelationshipStatus: Married-Male,Census Summary-RelationshipStatus: Single-Female,Census Summary-RelationshipStatus: Single-Male,Census Summary-RelationshipStatus: Widowed-Female,Census Summary-RelationshipStatus: Widowed-Male,Homes & Real Estate Data: Avg Year Built,Homes & Real Estate Data: Condos,Homes & Real Estate Data: Median Home Size (Sq Ft),Homes & Real Estate Data: Owners,Homes & Real Estate Data: Renters,Homes & Real Estate Data: Single-Family Homes,People Data: Average Commute Time (Minutes),People Data: Average Household Size,People Data: Homes With Kids,People Data: Median Age,People Data: Median Household Income,People Data: Single Females,People Data: Single Males,_id,city,id,latitude,longitude,name,state,url,zindex,drugs_alc,hood,prostitution,theft,violent,2011.0,2012.0,2013.0,2014.0,2015.0,chg_2011_2012,chg_2012_2013,chg_2013_2014,transit_score,walkscore,business,business_perc,character,character_perc,essentials,essentials_perc,nightlife,nightlife_perc,restaurants,restaurants_perc,workout,workout_perc,yelp_total
0.102,,0,,0,446200,534000,663600,369300,0,410,370500,568700,0,,0.045,0,2913,0.115,431700,0.1152891096133,0.0415040794608,0.053210358283,0.1106775452288,0.1624689606243,0.0418588151826,0.4749911316069,0.0698273234810158,0.0614721332267584,0.210411237406907,0.222130722421361,0.159760457231474,0.100382039995932,0.0611431851755522,0.114872901061,0.266281330068427,0.255069379257092,0.189151878627933,0.124736443955555,0.116523248268039,0.0482377198229543,0.2177149237067,0.161518422032,0.0774097506512,0.0684778563453,0.3870487532564,0.0714551544473,0.6447876447876,0.18673218673199998,0.1684801684801,0.850066140827795,0.149933859172205,0.35028618,0.64971382,0.0854375513590899,0.0602982799519792,0.178297193386233,0.186687382837076,0.197726979090431,0.218182040689239,0.0632616593158969,0.0101089133700551,1995,0.6447876447876,1197,0.35028618,0.64971382,0.1684801684801,26.56776121676753,1.82278897942217,0.149933859172205,39,41202.9453206937,0.197726979090431,0.218182040689239,5600638289a44ed0142ba89f,Seattle,250017,47.668328,-122.384536,Ballard,Washington,http://www.zillow.com/local-info/WA-Seattle/Ballard/r_250017/,397200,80,Ballard,0,4144,445,159,208,247,300,252,0.308176100629,0.1875,0.214574898785,51.0,92.1904761905,8,0.0313725490196,9,0.0352941176471,38,0.149019607843,55,0.21568627451,145,0.56862745098,0,0.0,255
0.106,,0,,0,326300,393800,438300,367200,0,249,365900,397200,0,,0.017,0,2877,0.043,395500,0.1106933019976,0.1165687426556,0.4404230317273,0.1219741480611,0.1132784958871,0.0061104582843,0.0909518213866,0.125334214111967,0.127391878121512,0.14299103731332,0.156691828793543,0.145237767065409,0.108579792084245,0.0886402478723034,0.105133234637701,0.324150672317244,0.234588935977033,0.226951951177361,0.0781877355302833,0.0623911176226305,0.0737295873754479,0.2247641509433,0.214858490566,0.2606132075471,0.1205188679245,0.1646226415094,0.0127358490566,0.0173618462841,0.1253440609781,0.8572940927376,0.693811230785462,0.306188769214538,0.70181959,0.29818041,0.0466593728901573,0.0388412660789759,0.25802479761823,0.266052362844145,0.151827621809746,0.173948175281429,0.0542811811695052,0.0103652223078124,1950,0.0173618462841,1610,0.70181959,0.29818041,0.8572940927376,27.88111727441325,3.10742637289388,0.306188769214538,37,45964.573467845,0.151827621809746,0.173948175281429,5600638289a44ed0142ba88c,Seattle,250050,47.556114,-122.302828,Beacon Hill,Washington,http://www.zillow.com/local-info/WA-Seattle/Beacon-Hill/r_250050/,361900,80,Beacon Hill,31,5879,520,206,214,309,281,180,0.0388349514563,0.443925233645,-0.0906148867314,53.96,61.32,44,0.222222222222,15,0.0757575757576,55,0.277777777778,5,0.0252525252525,75,0.378787878788,4,0.020202020202,198
0.116,,0,,0,297300,344700,387000,297600,0,238,375000,358300,0,,0.064,0,2577,0.06,350500,0.2366148531951,0.0990213010938,0.2740356937248,0.1801957397812,0.0713874496257,0.006332757628,0.132412204951,0.140525321584538,0.149295984998714,0.14228197107606,0.145342935926476,0.152718568240087,0.101002298316504,0.0619293966020317,0.106903523255589,0.224534993567668,0.268052266034815,0.228506345569198,0.146213978856115,0.0609199667698496,0.0717724492023546,0.2653179190751,0.2225433526011,0.2294797687861,0.079190751445,0.1768786127167,0.0190751445086,0.0716630196936,0.0990153172865,0.8293216630196,0.658755747836174,0.341244252163826,0.57567379,0.42432621,0.052587373323638,0.0335479506272839,0.251303846968087,0.245201113881102,0.152748522153362,0.19320052479575,0.0595753275194196,0.011835340731358,1952,0.0716630196936,1510,0.57567379,0.42432621,0.8293216630196,29.993724730416613,3.14967686126476,0.341244252163826,36,41107.5875270056,0.152748522153362,0.19320052479575,5600638289a44ed0142ba8a2,Seattle,250146,47.538786,-122.275961,Brighton,Washington,http://www.zillow.com/local-info/WA-Seattle/Brighton/r_250146/,324700,58,Brighton,6,1455,244,37,27,48,41,27,-0.27027027027,0.777777777778,-0.145833333333,60.3,71.5,42,0.259259259259,9,0.0555555555556,71,0.438271604938,0,0.0,39,0.240740740741,1,0.00617283950617,162
0.108,,0,,0,439400,554900,663600,367200,2075000,0,0,564600,654,,0,0,15450,0.08,508000,NA,0.5128205128205,0.3910256410256,0.0352564102564,NA,NA,0.0448717948717,0.0868957251298442,0.0681182580902917,0.120655213743508,0.146823811426288,0.143627646823811,0.16719936076708,0.0910906911705953,0.175589292848582,0.386012715712988,0.286557674841054,0.204359673024523,0.0399636693914623,0.0554041780199818,0.0277020890099909,NA,NA,0.0608974358974,0.4326923076923,NA,0.4903846153846,NA,NA,0.9873417721518,0.840254395809951,0.159745604190049,0.58046407,0.41953593,0.0725751752204386,0.029391815509835,0.257743612932399,0.258874067375085,0.171829075288266,0.126158715803753,0.0689577210038436,0.0144698168663803,1938,0.2496228965463,3580,0.58046407,0.41953593,0.9873417721518,24.41008174386921,1.86,0.159745604190049,44,75034,0.171829075288266,0.126158715803753,5600638289a44ed0142ba8e8,Seattle,250149,47.637395,-122.290642,Broadmoor,Washington,http://www.zillow.com/local-info/WA-Seattle/Broadmoor/r_250149/,,0,Broadmoor,0,247,14,16,24,21,18,17,0.5,-0.125,-0.142857142857,40.2222222222,35.7777777778,54,0.301675977654,24,0.134078212291,43,0.240223463687,13,0.072625698324,39,0.217877094972,6,0.0335195530726,179
0.066,,0,,0,449000,867100,1185300,373600,0,471,432700,1114500,0,,0.113,0,3360,0.07,435700,0.2592826471331,0.1640565799444,0.05127557464,0.1278100530436,0.180980045466,0.0109876231371,0.2056074766355,0.0883301945604157,0.0878027578720118,0.181527566436294,0.222138368063286,0.166936207031568,0.128743207429257,0.046332568409383,0.0781891301977849,0.36948122166505,0.243055160701428,0.174413139539797,0.0762244375784746,0.0868996703047729,0.0499263702104774,NA,NA,NA,NA,NA,NA,0.5993784959602,0.1502796768178,0.2503418272218,0.80406673154102,0.19593326845898,0.51158806,0.48841194,0.0803762303422849,0.0433246055601375,0.187243760654359,0.187638959662438,0.207002602816574,0.243227146780635,0.0414896896945265,0.00969700448904403,1961,0.5993784959602,1520,0.51158806,0.48841194,0.2503418272218,25.202654150037155,2.10003072845514,0.19593326845898,37,58707.4033251569,0.207002602816574,0.243227146780635,5600638289a44ed0142ba887,Seattle,250206,47.62622,-122.315979,Capitol Hill,Washington,http://www.zillow.com/local-info/WA-Seattle/Capitol-Hill/r_250206/,415600,432,Capitol Hill,2,10347,1571,288,287,375,359,270,-0.00347222222222,0.306620209059,-0.0426666666667,65.65,84.95,2,0.00851063829787,10,0.0425531914894,44,0.187234042553,44,0.187234042553,135,0.574468085106,0,0.0,235
0.076,,0,,0,416600,465300,576800,367200,0,325,0,476900,0,,0.05,0,3506,0.081,452400,0.0682839173405,0.1221922731356,0.4474393530997,0.0575022461814,0.2093441150044,NA,0.0934411500449,0.0906465913379762,0.0966397489461723,0.1739562018933,0.206336514908549,0.165655787524443,0.0992792071129718,0.0594838550611701,0.108002093215418,0.253043425005378,0.284849065403683,0.196330396247482,0.130536009007552,0.0918597548048913,0.0433813495310137,0.3024976873265,0.2432932469935,0.1544865864939,0.0712303422756,0.1998149861239,0.023126734505,0.2068965517241,0.0557029177717,0.7374005305039,0.815474320588003,0.184525679411997,0.58025415,0.41974585,0.067144842664826,0.0593585705204899,0.215029621541783,0.225145359387548,0.175850624615881,0.193217334381079,0.0516247750350531,0.0126288718533396,1949,0.2068965517241,1400,0.58025415,0.41974585,0.7374005305039,27.15960829084218,2.15196223315758,0.184525679411997,38,46550.4236175668,0.175850624615881,0.193217334381079,5600638289a44ed0142ba8d9,Seattle,250383,47.696053,-122.371382,Crown Hill,Washington,http://www.zillow.com/local-info/WA-Seattle/Crown-Hill/r_250383/,422100,15,Crown Hill,0,488,57,20,27,39,28,41,0.35,0.444444444444,-0.282051282051,52.4666666667,79.7333333333,74,0.373737373737,4,0.020202020202,53,0.267676767677,4,0.020202020202,59,0.29797979798,4,0.020202020202,198
0.143,,0,,0,490600,626500,707300,440000,0,419,554400,637300,0,,0.022,0,4202,0.081,567100,0.2550189907759,0.1413456321215,0.1030927835051,0.133749321758,0.1573521432447,0.0290287574606,0.180412371134,0.052404404923645,0.0441895745116376,0.290058145063624,0.271084659193384,0.158815035191436,0.0949717374546471,0.0295064727750693,0.0589699708865563,0.34875129685174,0.251956081495988,0.21064037626814,0.0684872349707794,0.0956132368032007,0.0245517736101526,0.2327683615819,0.1954802259887,0.1488700564971,0.0870056497175,0.2556497175141,0.0646892655367,0.4025869037995,0.18512530315269998,0.4122877930476,0.890115473879213,0.109884526120787,0.31936577,0.68063423,0.0656970834531383,0.0514425750256046,0.15377924626268,0.153177003752171,0.26542216086098,0.28070894711078,0.0261828458758195,0.00359013765882568,1952,0.4025869037995,1420,0.31936577,0.68063423,0.4122877930476,24.39701961759638,1.775175085758,0.109884526120787,36,44354.0479286694,0.26542216086098,0.28070894711078,5600638289a44ed0142ba88d,Seattle,250692,47.656187,-122.352184,Fremont,Washington,http://www.zillow.com/local-info/WA-Seattle/Fremont/r_250692/,505400,26,Fremont,0,3325,235,105,109,142,167,155,0.0380952380952,0.302752293578,0.176056338028,58.3043478261,83.652173913,32,0.150234741784,12,0.056338028169,38,0.178403755869,37,0.173708920188,90,0.422535211268,4,0.018779342723,213
0.108,,0,,0,439400,554900,663600,367200,249000,0,0,564600,143,,0,0.091,2517,0.073,508000,0.4252336448598,0.1869158878504,0.161214953271,NA,0.0327102803738,0.0607476635514,0.1214953271028,0.076076993583868,0.0659945004582951,0.219065077910174,0.186067827681027,0.186067827681027,0.138405132905591,0.0614115490375802,0.0669110907424381,0.390953150242326,0.148626817447496,0.135702746365105,0.0904684975767367,0.192245557350565,0.0420032310177706,0.2746478873239,0.1830985915492,0.1244131455399,0.0657276995305,0.3075117370892,0.0305164319248,0.1050328227571,0.1947483588621,0.7002188183807,0.855311355311355,0.144688644688645,0.34476534,0.65523466,0.0643863179074447,0.118712273641851,0.138832997987928,0.1579476861167,0.13682092555332,0.339034205231388,0.0372233400402415,0.00704225352112676,1919,0.1050328227571,1260,0.34476534,0.65523466,0.7002188183807,22.3021001615509,1.94,0.144688644688645,38,33654,0.13682092555332,0.339034205231388,5600638289a44ed0142ba8e2,Seattle,250714,47.540345,-122.316845,Georgetown,Washington,http://www.zillow.com/local-info/WA-Seattle/Georgetown/r_250714/,,59,Georgetown,10,1249,159,111,84,99,85,57,-0.243243243243,0.178571428571,-0.141414141414,47.875,71.625,34,0.201183431953,14,0.0828402366864,30,0.177514792899,23,0.136094674556,66,0.390532544379,2,0.0118343195266,169
0.1,,0,,0,537500,654300,752100,448800,0,433,693400,666600,0,,0.025,0,4686,0.058,624500,0.2628650904033,0.2562586926286,0.1286509040333,0.0737134909596,0.0883171070931,0.02016689847,0.1700278164116,0.071594347657832,0.0523173095773563,0.258285455408457,0.219073817717729,0.160218120387275,0.0975032926862585,0.0471681997509958,0.0938394568140967,0.345639528220906,0.236623728890419,0.211084472334105,0.0992718067950405,0.0596562924129351,0.0477241713465943,0.2487667371388,0.2286821705426,0.1744186046511,0.1057082452431,0.192036645525,0.0394644115574,0.227163047225,0.0910031023784,0.6818338503964,0.84373842159574,0.15626157840426,0.46838915,0.53161085,0.0667306128840938,0.0502033339775158,0.193542792597677,0.184585518555787,0.217388761903493,0.241604330905432,0.0409515963508173,0.00499305282518442,1928,0.227163047225,1487,0.46838915,0.53161085,0.6818338503964,26.718700963653927,1.99382149416316,0.15626157840426,37,55194.2985422671,0.217388761903493,0.241604330905432,5600638289a44ed0142ba896,Seattle,250780,47.679959,-122.333709,Green Lake,Washington,http://www.zillow.com/local-info/WA-Seattle/Green-Lake/r_250780/,573500,23,Green Lake,2,2608,120,71,86,100,95,69,0.211267605634,0.162790697674,-0.05,53.3913043478,75.8695652174,68,0.345177664975,5,0.0253807106599,33,0.167512690355,15,0.0761421319797,52,0.263959390863,24,0.121827411168,197
0.095,,0,,0,406800,490000,579900,295500,0,357,418300,496500,0,,0.035,0,3595,0.07,455100,0.2020787186914,0.2635883455443,0.1616970523087,0.0918384733344,0.1688532969841,0.0071562446754,0.1047878684614,0.0844318877250855,0.0824617071904197,0.212971811956105,0.229132566969393,0.168916281046814,0.0920715379986132,0.0454353931183765,0.0845788139951931,0.271956797040843,0.266587613787439,0.202425888509743,0.122509244444631,0.0905863882809246,0.0459340679364185,0.290595340811,0.2032786885245,0.1252804141501,0.0515962036238,0.3002588438308,0.0219154443485,0.2276176024279,0.0748609003539,0.697521497218,0.822343834338275,0.177656165661725,0.53467331,0.46532669,0.066160558683967,0.0571342746535438,0.197399058569959,0.204676915367045,0.195468861430415,0.226382415248212,0.0411324429902852,0.0116454730565732,1940,0.2276176024279,1280,0.53467331,0.46532669,0.697521497218,27.047505138787557,2.11020963468787,0.177656165661725,36,47339.3036922304,0.195468861430415,0.226382415248212,5600638289a44ed0142ba88a,Seattle,250788,47.694211,-122.355281,Greenwood,Washington,http://www.zillow.com/local-info/WA-Seattle/Greenwood/r_250788/,421400,118,Greenwood,235,3953,391,110,128,171,172,146,0.163636363636,0.3359375,0.00584795321637,52.652173913,80.1739130435,50,0.236966824645,10,0.0473933649289,44,0.208530805687,25,0.118483412322,76,0.36018957346,6,0.0284360189573,211
0.1,,0,,0,337300,408100,485400,291500,0,273,371300,415500,0,,0.033,0,3321,0.078,399900,0.015130190007,0.0749472202674,0.4926108374384,0.1470795214637,0.1625615763546,NA,0.1073187895847,0.101534117638158,0.0933047399561777,0.185195618204108,0.169103534667781,0.159433950028331,0.0990319944812783,0.0678852898126029,0.124510755211563,0.230822871168159,0.24532488230105,0.229851452089839,0.149506650600085,0.0879959031001627,0.0564982407407044,0.263307310149,0.2061745919091,0.1912704045422,0.0901348474095,0.221078779276,0.0230660042583,0.1690622861054,0.0660506502395,0.764887063655,0.775662610841613,0.224337389158387,0.55266015,0.44733985,0.059541441062581,0.0394153813459629,0.213502903220445,0.228186266420778,0.171925534957465,0.205058803633883,0.0678532914494315,0.0145163779094529,1953,0.1690622861054,1440,0.55266015,0.44733985,0.764887063655,28.774104544926367,2.23318283776134,0.224337389158387,38,42074.8893510126,0.171925534957465,0.205058803633883,5600638289a44ed0142ba897,Seattle,250801,47.719604,-122.334753,Haller Lake,Washington,http://www.zillow.com/local-info/WA-Seattle/Haller-Lake/r_250801/,368700,122,Haller Lake,442,3040,408,64,67,82,63,51,0.046875,0.223880597015,-0.231707317073,50.3043478261,60.0869565217,55,0.364238410596,6,0.0397350993377,32,0.211920529801,5,0.0331125827815,53,0.350993377483,0,0.0,151
0.108,,0,,0,439400,554900,663600,367200,0,0,0,564600,0,,0,0,3362,0.091,508000,0.0366748166259,0.0586797066014,0.1784841075794,0.322738386308,0.2640586797066,NA,0.1369193154034,0.0786046639181666,0.0654996206338614,0.217858546707742,0.219637453950436,0.155445046758019,0.113138866289434,0.0551534376056969,0.0946623641366449,0.354638071684323,0.231774390018825,0.165119412350965,0.0804356920502504,0.134241999187922,0.0337904347077135,NA,NA,NA,NA,NA,NA,0.5523385300668,0.2115812917594,0.2360801781737,0.844452134922755,0.155547865077245,0.4778679,0.5221321,0.0745935903390618,0.0420766888579243,0.221086855550395,0.218122516385405,0.161030087216803,0.240381896062342,0.0317964597202869,0.0109119058677814,1967,0.5523385300668,1520,0.4778679,0.5221321,0.2360801781737,23.638188574311272,1.92570333872735,0.155547865077245,38,51228.6050055512,0.161030087216803,0.240381896062342,5600638289a44ed0142ba8c2,Seattle,250939,47.64247,-122.379722,Interbay,Washington,http://www.zillow.com/local-info/WA-Seattle/Interbay/r_250939/,,8,Interbay,2,489,41,47,50,55,64,56,0.063829787234,0.1,0.163636363636,61.625,79.375,46,0.223300970874,21,0.101941747573,47,0.228155339806,13,0.0631067961165,71,0.344660194175,8,0.0388349514563,206
0.143,,0,,0,699000,1012200,1288000,367200,0,469,845000,1211000,0,,0.019,0,8488,0.048,1199300,0.0381962864721,0.37824933687,0.431299734748,0.0610079575596,0.0445623342175,NA,0.0450928381962,0.157761492338441,0.111792138574284,0.0954030646235843,0.16055962691539,0.152964690206529,0.142838107928048,0.0666222518321119,0.112058627581612,0.318385650224215,0.256566303651505,0.188340807174888,0.106662395900064,0.109224855861627,0.0208199871877002,0.0548455804046,0.0921192758253,0.2108626198083,0.3876464323748,0.0969116080937,0.1549520766773,0.0997402597402,0.0472727272726,0.852987012987,0.654377880184332,0.345622119815668,0.73496365,0.26503635,0.055423325399524,0.0221013260795648,0.342740564433866,0.323359401564094,0.092485549132948,0.115946956817409,0.037062223733424,0.0108806528391704,1940,0.0997402597402,2510,0.73496365,0.26503635,0.852987012987,24.641896220371564,2.48,0.345622119815668,37,81866,0.092485549132948,0.115946956817409,5600638289a44ed0142ba8b8,Seattle,251100,47.658207,-122.278598,Laurelhurst,Washington,http://www.zillow.com/local-info/WA-Seattle/Laurelhurst/r_251100/,1070400,1,Laurelhurst,0,410,4,79,64,85,93,70,-0.189873417722,0.328125,0.0941176470588,39.95,53.3,68,0.36170212766,14,0.0744680851064,46,0.244680851064,2,0.0106382978723,51,0.271276595745,7,0.0372340425532,188
0.125,,0,,0,501300,599400,642700,422600,0,399,604500,580300,0,,0.01,0,4431,0.059,574200,0.2577589023195,0.3038222803005,0.3005553740607,0.0421430904933,0.0398562561254,0.0160078405749,0.0398562561254,0.108508545211604,0.0819434646141688,0.134972306280222,0.222670537881401,0.191256244264469,0.109074487964761,0.047024848002197,0.104549565781177,0.237339596996598,0.266255420214513,0.21402307736232,0.14900322213262,0.0826560336662096,0.0507226496277392,0.2901214309156,0.2792911060059,0.1811617984903,0.0594026911716,0.1703314735805,0.0170659665244,0.0393752033843,0.0442564269442,0.9163683696713,0.763288645203353,0.236711354796647,0.66799711,0.33200289,0.0823515644573307,0.0484255372956364,0.245435384912987,0.238009660504744,0.146046540877708,0.180992294717641,0.0497453578533666,0.00899365938058657,1929,0.0393752033843,1450,0.66799711,0.33200289,0.9163683696713,28.357334294560474,2.17066086426185,0.236711354796647,38,53427.5772068954,0.146046540877708,0.180992294717641,5600638289a44ed0142ba89c,Seattle,251170,47.683235,-122.384852,Loyal Heights,Washington,http://www.zillow.com/local-info/WA-Seattle/Loyal-Heights/r_251170/,522500,15,Loyal Heights,0,1151,51,59,67,77,80,83,0.135593220339,0.149253731343,0.038961038961,46.8,73.75,70,0.469798657718,9,0.0604026845638,24,0.161073825503,5,0.0335570469799,37,0.248322147651,4,0.0268456375839,149
0.072,,0,,0,629400,1283500,1707700,467900,0,551,900000,1420700,0,,0.146,0,7570,0.074,1041000,0.1042726347914,0.204476093591,0.1688708036622,0.3240081383519,0.1200406917599,NA,0.0752797558494,0.0868957251298442,0.0681182580902917,0.120655213743508,0.146823811426288,0.143627646823811,0.16719936076708,0.0910906911705953,0.175589292848582,0.386012715712988,0.286557674841054,0.204359673024523,0.0399636693914623,0.0554041780199818,0.0277020890099909,0.1737938596491,0.1041666666666,0.1688596491228,0.2203947368421,0.1743421052631,0.1524122807017,0.3664007976071,0.0528414755732,0.5807577268195,0.840254395809951,0.159745604190049,0.58046407,0.41953593,0.0725751752204386,0.029391815509835,0.257743612932399,0.258874067375085,0.171829075288266,0.126158715803753,0.0689577210038436,0.0144698168663803,1960,0.3664007976071,1980,0.58046407,0.41953593,0.5807577268195,24.41008174386921,1.86,0.159745604190049,44,75034,0.171829075288266,0.126158715803753,5600638289a44ed0142ba8c4,Seattle,251186,47.632468,-122.284761,Madison Park,Washington,http://www.zillow.com/local-info/WA-Seattle/Madison-Park/r_251186/,988600,10,Madison Park,0,424,5,46,69,91,87,60,0.5,0.31884057971,-0.043956043956,34.2173913043,71.2173913043,53,0.306358381503,20,0.115606936416,47,0.271676300578,12,0.0693641618497,33,0.190751445087,8,0.0462427745665,173
0.089,,0,,0,553500,747400,871600,367200,0,428,735000,746700,0,,0.091,0,5264,0.052,741200,0.5045550105115,0.2193412754029,0.1310441485634,0.0301331464611,0.0651716888577,NA,0.0455501051156,0.105125038524991,0.100716256639896,0.105034681556954,0.201555503181711,0.189541797349481,0.156366866694465,0.0573524538153339,0.0843074022371689,0.375860717039993,0.265369616147863,0.153290622558411,0.0653024382325468,0.118035978379496,0.0221406276416901,0.158596491228,0.2322807017543,0.2638596491228,0.198596491228,0.0828070175438,0.0617543859649,0.0197817189631,0.0920873124146,0.8881309686221,0.741691625290003,0.258308374709998,0.76258147,0.23741853,0.0693746819312103,0.0452452422425694,0.240718769954722,0.241093901492113,0.158313611344419,0.191504822233164,0.0438598759583438,0.00988909484345844,1918,0.0197817189631,1850,0.76258147,0.23741853,0.8881309686221,22.826630426540433,2.34672932621417,0.258308374709998,38,72161.4766864953,0.158313611344419,0.191504822233164,5600638289a44ed0142ba8ca,Seattle,251187,47.61269,-122.288998,Madrona,Washington,http://www.zillow.com/local-info/WA-Seattle/Madrona/r_251187/,695800,9,Madrona,0,672,42,62,56,72,66,50,-0.0967741935484,0.285714285714,-0.0833333333333,52.1904761905,78.0,64,0.410256410256,27,0.173076923077,25,0.160256410256,4,0.025641025641,34,0.217948717949,2,0.0128205128205,156
0.148,,0,,0,276600,323800,367700,367200,0,197,372700,335700,0,,0.008,0,2315,0.057,333800,0.1775147928994,0.0874894336432,0.3613693998309,0.1948436179205,0.1098901098901,0.0063398140321,0.0625528317836,0.135517893052865,0.145362924833891,0.128639614577163,0.158806188277387,0.166840618862411,0.106072018252257,0.0719009838964041,0.0868597582476218,0.227623378092994,0.251653246606285,0.231104902792127,0.153679849628701,0.052011098554043,0.0839275243258496,0.2079627276577,0.1965268953833,0.2990258365099,0.1634900465904,0.1118170266836,0.0203303684879,0.015197568389,0.1162613981762,0.8685410334346,0.680119232930972,0.319880767069027,0.71043714,0.28956286,0.0705918538296424,0.0403203831503176,0.239162240291463,0.249420644727489,0.156431600439768,0.182423427020474,0.0504113990120999,0.0112384515287473,1952,0.015197568389,1760,0.71043714,0.28956286,0.8685410334346,30.84609911984588,2.8741026004234,0.319880767069027,36,46395.1761347,0.156431600439768,0.182423427020474,5600638289a44ed0142ba8a7,Seattle,251704,47.511649,-122.257974,Rainier Beach,Washington,http://www.zillow.com/local-info/WA-Seattle/Rainier-Beach/r_251704/,296000,57,Rainier Beach,4,3684,501,48,80,114,109,55,0.666666666667,0.425,-0.0438596491228,46.95,37.1,34,0.184782608696,8,0.0434782608696,56,0.304347826087,13,0.070652173913,71,0.385869565217,2,0.0108695652174,184
0.141,,0,,0,524400,652400,744100,426800,0,395,570500,657600,0,,0.034,0,4772,0.05,646900,0.1956735496558,0.3839724680432,0.2600786627335,0.0412979351032,0.034169124877,0.0039331366764,0.0808751229105,0.0911577637055265,0.0944356686117787,0.262371094973473,0.17522543789756,0.14896998108687,0.106085192258757,0.0430424755454183,0.0787123859206168,0.296284691447885,0.257870234037902,0.200891196007886,0.10233495470869,0.0936426129151648,0.0489763108824719,0.2254877747591,0.2341318844159,0.2548777475919,0.130649543097,0.1323783650284,0.0167942701901,0.0700900462399,0.0428328060354,0.8870771477245,0.776140765129715,0.223859234870285,0.55190993,0.44809007,0.0538175071495088,0.0311064185434721,0.205442303549507,0.210039617226298,0.210746874333919,0.242292479024498,0.0371301432865286,0.00942465688626782,1928,0.0700900462399,1630,0.55190993,0.44809007,0.8870771477245,26.518623399071462,2.22140999127023,0.223859234870285,35,51701.0901186037,0.210746874333919,0.242292479024498,5600638289a44ed0142ba88e,Seattle,251709,47.675777,-122.301115,Ravenna,Washington,http://www.zillow.com/local-info/WA-Seattle/Ravenna/r_251709/,573300,11,Ravenna,0,1453,68,81,86,127,154,100,0.0617283950617,0.476744186047,0.212598425197,50.8333333333,73.375,60,0.288461538462,5,0.0240384615385,50,0.240384615385,13,0.0625,74,0.355769230769,6,0.0288461538462,208
0.157,,0,,0,247800,288300,320000,367200,0,233,307000,282700,0,,0.056,0,1932,0.059,282000,0.2428146679881,0.1139742319127,0.2794846382556,0.0604558969276,0.0941526263627,0.0792864222001,0.1298315163528,0.177831584611246,0.127253161151466,0.181598062953995,0.18348130212537,0.127791229486145,0.0963142319074523,0.0400860909335486,0.0656443368307775,0.275952693823916,0.203022339027595,0.191852825229961,0.120893561103811,0.12023653088042,0.088042049934297,0.289156626506,0.1716867469879,0.1285140562248,0.0662650602409,0.3142570281124,0.0220883534136,0.0333041191936,0.1919368974583,0.7747589833479,0.711726384364821,0.288273615635179,0.45121951,0.54878049,0.053328561202577,0.0486757337151038,0.249821045096636,0.262705798138869,0.114531138153185,0.243378668575519,0.021832498210451,0.00572655690765927,1941,0.0333041191936,1270,0.45121951,0.54878049,0.7747589833479,28.155059132720123,2.96,0.288273615635179,32,30917,0.114531138153185,0.243378668575519,5600638289a44ed0142ba8cb,Seattle,251971,47.52986,-122.321972,South Park,Washington,http://www.zillow.com/local-info/WA-Seattle/South-Park/r_251971/,253300,33,South Park,5,1012,192,16,28,22,33,21,0.75,-0.214285714286,0.5,36.2608695652,60.0434782609,61,0.438848920863,14,0.10071942446,21,0.151079136691,12,0.0863309352518,31,0.223021582734,0,0.0,139
0.083,,0,,0,591400,668900,763500,367200,0,418,665100,668700,0,,0.063,0,4999,0.052,655800,0.2271880819366,0.2402234636871,0.296834264432,0.1128491620111,0.0584729981378,0.0108007448789,0.0536312849162,0.0983539923167242,0.0680078560064944,0.149956638223714,0.205030045648554,0.188636093179292,0.108315744233691,0.0610217573035724,0.12067787308795799,0.222824112427832,0.257006865426056,0.220078179013409,0.155085590940059,0.0987934621780409,0.0462117900146026,0.2440298507462,0.2339552238805,0.2246268656716,0.1440298507462,0.1197761194029,0.0287313432835,0.1301319648093,0.060483870967599995,0.8093841642228,0.785907556487215,0.214092443512785,0.55570287,0.44429713,0.0831434188794599,0.0528530407386322,0.232412576348493,0.237594545034064,0.148911188432307,0.184155873764814,0.0513283311134973,0.00960102568873335,1939,0.1301319648093,1630,0.55570287,0.44429713,0.8093841642228,28.152813376959894,2.00654805830579,0.214092443512785,39,49229.8996514088,0.148911188432307,0.184155873764814,5600638289a44ed0142ba8a9,Seattle,252056,47.677581,-122.401052,Sunset Hill,Washington,http://www.zillow.com/local-info/WA-Seattle/Sunset-Hill/r_252056/,612800,17,Sunset Hill,0,958,48,54,80,84,115,73,0.481481481481,0.05,0.369047619048,37.5714285714,61.1904761905,34,0.160377358491,5,0.0235849056604,37,0.174528301887,39,0.183962264151,93,0.438679245283,4,0.0188679245283,212
0.105,,0,,0,571500,699800,775100,418600,0,441,608500,700100,0,,0.013,0,4987,0.05,666400,0.4572627163083,0.2581716483132,0.0396783779059,0.0197517916448,0.0800559342772,0.0267435762978,0.1183359552525,0.0625905610762669,0.067594926857953,0.312791685053778,0.219485481715818,0.157057252002249,0.0989469944134949,0.0322949373939587,0.0492381614864814,0.336341966049079,0.267789361931621,0.197009920859293,0.0811631606610686,0.085378999604941,0.0323165908939968,0.2266258331832,0.2592325707079,0.2226625833183,0.112592325707,0.1460998018375,0.0270221581696,0.159445407279,0.1164644714037,0.7240901213171,0.855807750815746,0.144192249184254,0.43378256,0.56621744,0.0463787556116988,0.042055244592876,0.16905311299682,0.170329072051513,0.260353824221561,0.287997712744117,0.0197927634562826,0.00403951432513245,1919,0.159445407279,1600,0.43378256,0.56621744,0.7240901213171,25.127139719189927,2.03745951447108,0.144192249184254,35,52587.4954205437,0.260353824221561,0.287997712744117,5600638289a44ed0142ba88b,Seattle,252248,47.658763,-122.334464,Wallingford,Washington,http://www.zillow.com/local-info/WA-Seattle/Wallingford/r_252248/,608500,45,Wallingford,0,3183,140,146,169,210,215,160,0.157534246575,0.242603550296,0.0238095238095,58.75,78.625,28,0.132075471698,16,0.0754716981132,49,0.231132075472,19,0.0896226415094,96,0.452830188679,4,0.0188679245283,212
0.103,,0,,0,515300,582400,614300,480600,0,410,514500,572800,0,,0.019,0,4463,0.069,565600,0.2138107416879,0.4245524296675,0.2127877237851,0.0281329923273,0.0429667519181,0.007672634271,0.0700767263427,0.0990240029746806,0.0861290507859069,0.153697967855278,0.252177126379297,0.171278882509523,0.111143965214809,0.0311797118138087,0.0953692924666975,0.240368770753162,0.273002562634214,0.197817725068909,0.150641682704467,0.0785914416731226,0.0595778171661255,0.3236047107014,0.2708653353814,0.1602662570404,0.0573476702508,0.1746031746031,0.0133128520225,0.0640895218718,0.049847405900199995,0.8860630722278,0.782687044469223,0.217312955530777,0.63617432,0.36382568,0.0749237003994012,0.0534551814833805,0.216523550237288,0.215327268108735,0.184151640300812,0.201298897592626,0.0426598190743377,0.0116599428034198,1928,0.0640895218718,1410,0.63617432,0.36382568,0.8860630722278,28.640206538284424,2.15278666577066,0.217312955530777,37,53524.6372770894,0.184151640300812,0.201298897592626,5600638289a44ed0142ba8bc,Seattle,252336,47.683314,-122.371424,Whittier Heights,Washington,http://www.zillow.com/local-info/WA-Seattle/Whittier-Heights/r_252336/,524800,3,Whittier Heights,0,624,19,47,49,85,78,64,0.0425531914894,0.734693877551,-0.0823529411765,50.6363636364,80.0,28,0.130841121495,18,0.0841121495327,50,0.233644859813,35,0.163551401869,75,0.35046728972,8,0.0373831775701,214
0.108,,0,,0,439400,554900,663600,367200,659900,0,0,564600,180,,0,0.091,3021,0.073,508000,NA,NA,NA,NA,NA,NA,NA,0.113861420205482,0.121527419365938,0.111569878266135,0.179958298065608,0.190652160449225,0.128298822574097,0.0653536750689871,0.088778326004528,0.263522127117101,0.263157894736842,0.257876525223092,0.0939264250591877,0.0656528865416135,0.0558641413221635,NA,NA,NA,NA,NA,NA,0.2248995983935,0.1807228915662,0.5943775100401,0.728920490391666,0.271079509608335,0.61639378,0.38360622,0.0579148954080559,0.0622921840144787,0.219487352161286,0.211936529315207,0.178711225219917,0.207475062081737,0.0506502798939349,0.0115324719053832,1949,0.2248995983935,1520,0.61639378,0.38360622,0.5943775100401,28.256874886177375,2.46265448330266,0.271079509608335,38,48621.8455166973,0.178711225219917,0.207475062081737,5600638289a44ed0142ba8ed,Seattle,271804,47.583337,-122.301715,Atlantic,Washington,http://www.zillow.com/local-info/WA-Seattle/Atlantic/r_271804/,,58,Atlantic,9,1650,250,31,46,40,85,75,0.483870967742,-0.130434782609,1.125,68.0,78.5,21,0.105,9,0.045,44,0.22,7,0.035,113,0.565,6,0.03,200
0.039,,0,,0,580700,554900,663600,384000,0,522,389100,564600,0,,0.14,0,2833,0.087,384000,0.0571625344352,0.0036730945821,NA,0.1023875114784,0.3516988062442,NA,0.4834710743801,0.0211975491255136,0.0318450610991161,0.248708573776601,0.259024044864215,0.184834373417934,0.146479965837747,0.0489750172400529,0.0589354146388203,0.359945885695982,0.227290528398329,0.161039852891722,0.0652783763495531,0.140794020744431,0.0456513359199831,0.1819175088773,0.063370663753,0.0256760447965,0.0196667577164,0.6705818082491,0.0131111718109,0.9767123287671,0.0228310502283,NA,0.969857005000439,0.0301429949995614,0.29738256,0.70261744,0.088030207742024,0.0946618509396774,0.111139780653427,0.133695779358194,0.18176713513959,0.359250568082255,0.027113794328232,0.00434088375659974,1998,0.9767123287671,855,0.29738256,0.70261744,0.6487942484377,23.681181477193864,1.31406577189778,0.0301429949995614,39,36021.7794362357,0.18176713513959,0.359250568082255,5600638289a44ed0142ba894,Seattle,271808,47.614592,-122.348464,Belltown,Washington,http://www.zillow.com/local-info/WA-Seattle/Belltown/r_271808/,376700,244,Belltown,11,4035,900,94,101,95,94,59,0.0744680851064,-0.0594059405941,-0.0105263157895,95.3125,96.3125,20,0.0847457627119,2,0.00847457627119,57,0.241525423729,46,0.194915254237,109,0.46186440678,2,0.00847457627119,236
0.09,,0,,0,342300,414000,470700,193300,0,267,255100,423600,0,,0.04,0,3111,0.089,387000,0.0266437473141,0.1779114740008,0.2728835410399,0.1968199398366,0.2324881822088,NA,0.0928233777395,0.0661507886919878,0.0832895070457357,0.171057302807715,0.180067652435699,0.147690127670389,0.0955249025466629,0.065614118801717,0.190605600000093,0.263040126264626,0.259571939893966,0.227772224208188,0.134837339871086,0.0757649596159165,0.039013410146217,0.234135667396,0.1798687089715,0.1207877461706,0.052078774617,0.3667396061269,0.0249452954048,0.3783553472518,0.0528334043458,0.5688112484022,0.827806726284881,0.172193273715119,0.41436928,0.58563072,0.0835241436732071,0.0669897959116807,0.190840395969844,0.188043213152198,0.160447785156229,0.185793592992666,0.107012589616204,0.0173484835279706,1962,0.3783553472518,1235,0.41436928,0.58563072,0.5688112484022,27.635404469921898,1.90865596322005,0.172193273715119,42,37083.0844298206,0.160447785156229,0.185793592992666,5600638289a44ed0142ba899,Seattle,271814,47.719625,-122.35012,Bitter Lake,Washington,http://www.zillow.com/local-info/WA-Seattle/Bitter-Lake/r_271814/,363500,32,Bitter Lake,19,1402,155,35,31,37,38,41,-0.114285714286,0.193548387097,0.027027027027,47.9047619048,58.0476190476,70,0.357142857143,8,0.0408163265306,31,0.158163265306,8,0.0408163265306,73,0.372448979592,6,0.030612244898,196
0.09,,0,,0,421600,541600,657400,298600,0,304,457400,577200,0,,0.122,0,4414,0.054,556200,0.0163265306122,0.121706864564,0.5758812615955,0.1614100185528,0.0623376623376,NA,0.0623376623376,0.0976057266297336,0.0838974887395898,0.118421900649058,0.160741612284349,0.168138131790437,0.123872088798899,0.070128350070338,0.177194701037596,0.25213512326418,0.278375801050887,0.20694494980414,0.140367816745214,0.0723385424678205,0.049837766667758,0.1795446061963,0.2004479283314,0.261291526689,0.2235908921239,0.0668159761104,0.063829787234,0.0759856630824,0.0559139784945,0.8681003584229,0.78165579701516,0.21834420298484,0.62869929,0.37130071,0.0657732182011337,0.0447074689694302,0.254745683719423,0.259273975793365,0.131446679472916,0.146565346505134,0.0838731602972801,0.0136144670413193,1951,0.0759856630824,1920,0.62869929,0.37130071,0.8681003584229,28.14416970036922,2.12868226314156,0.21834420298484,42,51175.9623107037,0.131446679472916,0.146565346505134,5600638289a44ed0142ba898,Seattle,271819,47.719649,-122.368414,Broadview,Washington,http://www.zillow.com/local-info/WA-Seattle/Broadview/r_271819/,518100,10,Broadview,2,1484,80,45,43,57,75,49,-0.0444444444444,0.325581395349,0.315789473684,44.5454545455,44.3636363636,73,0.35960591133,7,0.0344827586207,31,0.152709359606,7,0.0344827586207,83,0.408866995074,2,0.00985221674877,203
0.051,,0,,0,345200,449100,618400,299000,0,287,307000,504700,0,,0.082,0,3756,0.067,445800,0.0072683222289,0.1792852816474,0.290732889158,0.198667474258,0.1726226529376,NA,0.1508176862507,0.115579712152514,0.08836631683455,0.20963444156363,0.175224645980213,0.163659997223848,0.0978801080170417,0.066612876941868,0.083041901286336,0.252453886936131,0.234551570033848,0.243914147171435,0.125358590340163,0.0653789398464875,0.0783428656719355,0.2071960297766,0.1687344913151,0.1848635235732,0.2096774193548,0.1470223325062,0.0700992555831,0.1922183507549,0.116144018583,0.691637630662,0.776466830564927,0.223533169435073,0.37406547,0.62593453,0.0722923311746554,0.0441418560434222,0.214627305808543,0.222027052498963,0.170924539792471,0.218296544965799,0.0406666334098797,0.0170237363062669,1960,0.1922183507549,1740,0.37406547,0.62593453,0.691637630662,29.751377090786033,2.15428078616131,0.223533169435073,36,35360.2097951854,0.170924539792471,0.218296544965799,5600638289a44ed0142ba8b2,Seattle,271831,47.724628,-122.287479,Cedar Park,Washington,http://www.zillow.com/local-info/WA-Seattle/Cedar-Park/r_271831/,432200,24,Cedar Park,2,847,129,49,33,64,55,48,-0.326530612245,0.939393939394,-0.140625,48.9473684211,56.8947368421,60,0.32967032967,10,0.0549450549451,40,0.21978021978,10,0.0549450549451,56,0.307692307692,6,0.032967032967,182
0.137,,0,,0,366800,440300,480800,394700,0,296,464100,437900,0,,0.04,0,2949,0.073,428600,0.3084905660377,0.1122641509433,0.1514150943396,0.1127358490566,0.0811320754716,0.0198113207547,0.2141509433962,0.125847829505302,0.158334217332918,0.130472540130454,0.173231628470494,0.165202126647181,0.11305308670484,0.0604631839470678,0.0733953872617422,0.208135184003525,0.262656249348349,0.247805997351311,0.090963480618806,0.0886499533086057,0.101789135369404,0.2440305635148,0.2234957020057,0.2115568290353,0.0859598853868,0.1862464183381,0.031041069723,0.153400309119,0.1912673879443,0.6553323029366,0.694270207455729,0.305729792544271,0.54817448,0.45182552,0.0669628880688554,0.0481473117672519,0.216097062763353,0.231780416369419,0.187785807034382,0.197167719651206,0.0430331514775144,0.00902564286801853,1947,0.153400309119,1520,0.54817448,0.45182552,0.6553323029366,30.24621132415124,2.70941550533708,0.305729792544271,35,43063.9886051706,0.187785807034382,0.197167719651206,5600638289a44ed0142ba8a0,Seattle,271839,47.5648,-122.286003,Columbia City,Washington,http://www.zillow.com/local-info/WA-Seattle/Columbia-City/r_271839/,379000,24,Columbia City,7,2247,198,75,98,113,106,87,0.306666666667,0.15306122449,-0.0619469026549,58.25,80.35,56,0.297872340426,14,0.0744680851064,39,0.207446808511,19,0.101063829787,52,0.276595744681,8,0.0425531914894,188
0.082,,0,,0,1006000,554900,663600,600700,0,621,723300,564600,0,,0.274,0,4466,0.08,600300,0.1024416135881,NA,NA,0.0095541401273,0.4288747346072,NA,0.4543524416135,0.0221423628244159,0.0259780965947001,0.169172617329696,0.214949017222527,0.20575794533769,0.167756457801239,0.0924413907534817,0.101802112136249,0.343624692959053,0.229827606780455,0.136606485515322,0.0624573632415419,0.191444955522684,0.0360388959809438,NA,NA,NA,NA,NA,NA,0.9721492380451,0.0267997898055,NA,0.977612255625246,0.0223877443747539,0.20027529,0.79972471,0.0670892762810354,0.113755603502229,0.164178107039887,0.174539680115072,0.14881926013616,0.293660643631048,0.023068502218064,0.0148889270765046,1989,0.9721492380451,1520,0.20027529,0.79972471,0.6487942484377,22.057657280388334,1.31424702235275,0.0223877443747539,44,25758.9738945994,0.14881926013616,0.293660643631048,5600638289a44ed0142ba8a3,Seattle,271849,47.607346,-122.335089,Downtown,Washington,http://www.zillow.com/local-info/WA-Seattle/Downtown/r_271849/,563000,2225,Downtown,83,14570,3534,517,511,641,621,521,-0.0116054158607,0.254403131115,-0.0312012480499,99.1111111111,98.3333333333,0,0.0,4,0.0168067226891,61,0.256302521008,12,0.0504201680672,161,0.676470588235,0,0.0,238
0.041,,0,,0,480600,645700,663600,417600,0,434,444200,699500,0,,0.099,0,3419,0.088,441700,0.1035404141616,0.1215764863059,0.0380761523046,0.1376085504342,0.3112892451569,NA,0.2852371409485,0.0392644169111455,0.0324143131567215,0.286957325832925,0.244355374038827,0.150641075743482,0.13737371958234,0.0625690365975154,0.0464247381370439,0.373736257803252,0.236150602648401,0.164759369754075,0.0711855700185346,0.118882192622164,0.0352860071535727,0.2040030792917,0.1393379522709,0.122401847575,0.0623556581986,0.3441108545034,0.1008468052347,0.7149380300065,0.1878669275928,0.0971950424005,0.914996280517917,0.0850037194820829,0.35718407,0.64281593,0.05866252814468,0.0611818874379877,0.171182771545836,0.156980657994365,0.233079138790777,0.291471329496321,0.0230650046676717,0.00437668192236141,1985,0.7149380300065,1292,0.35718407,0.64281593,0.0971950424005,23.660131018798957,1.65153273121569,0.0850037194820829,38,52126.1591359934,0.233079138790777,0.291471329496321,5600638289a44ed0142ba8b0,Seattle,271857,47.638485,-122.329227,Eastlake,Washington,http://www.zillow.com/local-info/WA-Seattle/Eastlake/r_271857/,428400,25,Eastlake,1,1785,87,74,72,69,75,70,-0.027027027027,-0.0416666666667,0.0869565217391,59.8333333333,72.3333333333,102,0.472222222222,18,0.0833333333333,40,0.185185185185,16,0.0740740740741,38,0.175925925926,2,0.00925925925926,216
0.09,,0,,0,447800,554900,663600,315000,0,439,352600,564600,0,,0.112,0,2184,0.082,316700,0.0585276634659,0.0466392318244,0.1636945587562,0.1938728852309,0.3470507544581,0.0109739368998,0.1792409693644,0.0188235219000386,0.0661653403227441,0.325631732648652,0.211952339412088,0.123268496651484,0.0835254277329456,0.0516181502271053,0.119014991104943,0.360984674233021,0.205308035448322,0.145225968002172,0.0512073962656303,0.167865147008334,0.0694087790425219,NA,NA,NA,NA,NA,NA,0.9229035166816,0.06988277727669999,0.0072137060414,0.965107821676333,0.0348921783236674,0.13148541,0.86851459,0.0485247969821635,0.0796206229114747,0.0995995383797747,0.108133339222072,0.241535279649158,0.358960950600101,0.0481555467735265,0.0154699254817287,1980,0.9229035166816,1520,0.13148541,0.86851459,0.0072137060414,23.76948272695838,1.37766055504516,0.0348921783236674,39,27589.5014812832,0.241535279649158,0.358960950600101,5600638289a44ed0142ba890,Seattle,271869,47.60819,-122.323829,First Hill,Washington,http://www.zillow.com/local-info/WA-Seattle/First-Hill/r_271869/,296000,256,First Hill,8,5387,1092,103,94,108,130,79,-0.0873786407767,0.148936170213,0.203703703704,96.2916666667,97.875,16,0.0860215053763,16,0.0860215053763,49,0.263440860215,29,0.155913978495,72,0.387096774194,4,0.0215053763441,186
0.108,,0,,0,439400,554900,663600,367200,397800,0,0,564600,0,,0.884,0,2848,0,508000,NA,NA,NA,NA,NA,NA,NA,0.0694169813390157,0.0632029205772214,0.132967738902903,0.213647117810194,0.179377340457202,0.149319210942764,0.0642464315372201,0.12782225843348,0.279209933520136,0.304703038294599,0.175935388165485,0.114559639580243,0.0719630789517059,0.0536289214878303,NA,NA,NA,NA,NA,NA,NA,NA,NA,0.826768382264396,0.173231617735604,0.5740734,0.4259266,0.0716500402054869,0.0635808516540432,0.246858178217405,0.248115258070066,0.124356097715134,0.171004996716844,0.0625028530094421,0.0119317244115778,1949,0.2496228965463,1520,0.5740734,0.4259266,0.6487942484377,27.240679083566835,1.89187264159046,0.173231617735604,42,57090.3617077319,0.124356097715134,0.171004996716844,5600638289a44ed0142ba8dd,Seattle,271892,47.566395,-122.347363,Industrial District,Washington,http://www.zillow.com/local-info/WA-Seattle/Industrial-District/r_271892/,,172,Industrial District,26,2994,422,111,106,130,153,109,-0.045045045045,0.22641509434,0.176923076923,46.3333333333,41.0,48,0.309677419355,4,0.0258064516129,21,0.135483870968,22,0.141935483871,58,0.374193548387,2,0.0129032258065,155
0.108,,0,,0,439400,554900,663600,367200,144900,0,265200,564600,267,,0,0.091,1743,0.066,508000,NA,NA,NA,NA,NA,NA,NA,0.0553799279682285,0.0657972367273976,0.0946363628358327,0.169010487755479,0.198862285467722,0.135557101469695,0.0922852035469924,0.188471394228652,0.220832232108772,0.204798402490236,0.287786685460899,0.0787302146653746,0.153231727013773,0.0546207382609462,NA,NA,NA,NA,NA,NA,0.8576388888888,0.1354166666666,NA,0.89459822177487,0.10540177822513,0.03106835,0.96893165,0.0624356480951836,0.11073294436182,0.20051100179232,0.176886702513061,0.0754585669069138,0.274377454905999,0.0770792815467338,0.0225183998779697,1949,0.8576388888888,1520,0.03106835,0.96893165,0.6487942484377,26.976830235221545,1.55543081061028,0.10540177822513,46,12254.8769554195,0.0754585669069138,0.274377454905999,5600638289a44ed0142ba8d6,Seattle,271893,47.596945,-122.324714,International District,Washington,http://www.zillow.com/local-info/WA-Seattle/International-District/r_271893/,,347,International District,119,2980,571,58,46,71,67,56,-0.206896551724,0.54347826087,-0.056338028169,100.0,96.3333333333,10,0.0515463917526,10,0.0515463917526,33,0.170103092784,10,0.0515463917526,131,0.675257731959,0,0.0,194
0.084,,0,,0,508900,676800,826000,428400,0,395,679800,713800,0,,0.074,0,4843,0.082,666900,0.3144624167459,0.1607992388201,0.1232159847764,0.0742150333016,0.1698382492863,0.0390104662226,0.1184586108468,0.125174320553045,0.118524814713448,0.125507669672814,0.185942678407316,0.179275588131951,0.127890306779361,0.0542676184988696,0.0834170032431957,0.296688010173515,0.287761258255267,0.193761637837918,0.0761375890904098,0.100547421155698,0.0451040834871926,0.1694671147383,0.2150744119059,0.2184349495919,0.1915506481036,0.1305808929428,0.0705712914066,0.1613475177304,0.1374113475177,0.7012411347517,0.772282634169826,0.227717365830174,0.63049343,0.36950657,0.0726160624032717,0.05150478013874,0.199238007342261,0.201877149012999,0.194904314586745,0.217895654737861,0.0528049144097003,0.0091591173684214,1929,0.1613475177304,1780,0.63049343,0.36950657,0.7012411347517,25.671333900666536,2.35156234923673,0.227717365830174,36,57709.2560647783,0.194904314586745,0.217895654737861,5600638289a44ed0142ba8b7,Seattle,271901,47.599748,-122.290462,Leschi,Washington,http://www.zillow.com/local-info/WA-Seattle/Leschi/r_271901/,624600,18,Leschi,0,947,48,63,73,74,125,68,0.15873015873,0.013698630137,0.689189189189,51.0,63.6956521739,34,0.152466367713,23,0.103139013453,44,0.19730941704,13,0.0582959641256,101,0.452914798206,8,0.0358744394619,223
0.08,,0,,0,525400,902500,663600,428700,0,468,439700,1304800,0,,0.134,0,3509,0.088,476300,0.1071878940731,0.1305170239596,0.0762925598991,0.1828499369482,0.2736443883984,0.0119798234552,0.217528373266,0.0311212966108588,0.020492872138862,0.2860099328563,0.260276322633638,0.137149177808317,0.106222107682521,0.0416729181607939,0.11705537210871,0.33736582437481,0.253021082141078,0.176946001569258,0.101113012016728,0.102690792567863,0.0288632873302618,NA,NA,NA,NA,NA,NA,0.7443609022556,0.125313283208,0.1303258145363,0.955933236700798,0.0440667632992016,0.23543358,0.76456642,0.0835389906724581,0.0474670366405779,0.136637815198232,0.13782670131321,0.257443372442134,0.275496779890806,0.0520203478953631,0.00956895594721844,1978,0.7443609022556,1520,0.23543358,0.76456642,0.1303258145363,24.713647057871892,1.44238837618897,0.0440667632992016,40,43038.6918110873,0.257443372442134,0.275496779890806,5600638289a44ed0142ba8b5,Seattle,271906,47.628861,-122.354041,Lower Queen Anne,Washington,http://www.zillow.com/local-info/WA-Seattle/Lower-Queen-Anne/r_271906/,449200,48,Lower Queen Anne,6,3664,343,84,71,89,97,88,-0.154761904762,0.253521126761,0.0898876404494,70.0,90.0952380952,28,0.130841121495,12,0.0560747663551,40,0.18691588785,41,0.191588785047,91,0.42523364486,2,0.00934579439252,214
0.075,,0,,0,433800,543600,646800,367200,0,311,484000,586600,0,,0.056,0,4589,0.05,585700,0.0150019739439,0.1464666403474,0.4512435846821,0.232135807343,0.1125148045795,NA,0.0422424003158,0.10894461888609,0.106778836140511,0.097756269972975,0.141773612952855,0.187455781693743,0.132387896507744,0.0902483005193931,0.134654683326689,0.24723421425004,0.259482543544596,0.209507656200486,0.128957349676297,0.0844492043290193,0.0703690319995619,0.1403716884143,0.1830763147489,0.2953736654804,0.2514827995255,0.0798734677738,0.0490312376433,NA,0.044342507645199994,0.953363914373,0.69918622614562,0.30081377385438,0.82136798,0.17863202,0.0593357278236885,0.030135377150376,0.299584772314283,0.307623990107897,0.121054035429952,0.139711156517068,0.0348564303762592,0.00769851028047584,1953,0.2496228965463,1980,0.82136798,0.17863202,0.953363914373,28.711647029802382,2.46456498527915,0.30081377385438,41,68344.6664262413,0.121054035429952,0.139711156517068,5600638289a44ed0142ba8aa,Seattle,271913,47.703815,-122.279031,Matthews Beach,Washington,http://www.zillow.com/local-info/WA-Seattle/Matthews-Beach/r_271913/,556700,7,Matthews Beach,0,620,20,52,42,57,56,45,-0.192307692308,0.357142857143,-0.0175438596491,38.75,28.7916666667,4,0.0156862745098,12,0.0470588235294,55,0.21568627451,41,0.160784313725,143,0.560784313725,0,0.0,255
0.101,,0,,0,372000,468900,568100,210200,0,296,450000,494100,0,,0.046,0,3879,0.054,479300,0.0135135135135,0.1334459459459,0.5135135135135,0.1461148648648,0.1393581081081,NA,0.0532094594594,0.0934185410881406,0.100049896535555,0.18060974864236,0.190477377675791,0.164939982425218,0.118347342044679,0.0594977765133831,0.0926593350748738,0.286100168755588,0.283565801940871,0.19115664910363,0.129289103435893,0.0556638670142878,0.0542244097497298,0.2037351443123,0.2495755517826,0.2359932088285,0.1375212224108,0.1502546689303,0.0195246179966,0.0874493927125,0.0639676113359,0.8485829959514,0.779345512796064,0.220654487203936,0.60543468,0.39456532,0.0703449689021744,0.0526159940857882,0.24337182392363,0.241935457949633,0.168884094305964,0.177900454815743,0.0374507818652267,0.00749642415184096,1952,0.0874493927125,1610,0.60543468,0.39456532,0.8485829959514,27.957613958549945,2.20109235963546,0.220654487203936,37,46571.7550475718,0.168884094305964,0.177900454815743,5600638289a44ed0142ba8cd,Seattle,271915,47.7065,-122.298032,Meadowbrook,Washington,http://www.zillow.com/local-info/WA-Seattle/Meadowbrook/r_271915/,439700,9,Meadowbrook,0,562,66,24,15,32,39,17,-0.375,1.13333333333,0.21875,47.25,62.25,6,0.0228136882129,17,0.06463878327,44,0.167300380228,47,0.178707224335,149,0.566539923954,0,0.0,263
0.093,,0,,0,680300,901700,992300,367200,0,445,705000,905900,0,,0.03,0,6767,0.051,880300,0.2790827740492,0.5173378076062,0.1029082774049,0.0290827740492,0.0503355704697,NA,0.0156599552572,0.115789473684211,0.095,0.113947368421053,0.211578947368421,0.157894736842105,0.187105263157895,0.0586842105263158,0.06,0.398841139546113,0.210043457267021,0.157894736842105,0.067600193143409,0.123611781747948,0.0420086914534042,0.1229273870783,0.1892510005717,0.3093196112064,0.260148656375,0.060606060606,0.0543167524299,0.09220636663,0.0482985729966,0.8594950603732,0.710474951203643,0.289525048796357,0.82101167,0.17898833,0.0688791484032561,0.0331872260488416,0.280212899185974,0.267376330619912,0.129931120851597,0.190043832185348,0.0272385723231058,0.00313087038196619,1924,0.09220636663,2050,0.82101167,0.17898833,0.8594950603732,23.47368421052631,2.45,0.289525048796357,37,101319,0.129931120851597,0.190043832185348,5600638289a44ed0142ba8d2,Seattle,271923,47.64087,-122.308456,Montlake,Washington,http://www.zillow.com/local-info/WA-Seattle/Montlake/r_271923/,829800,3,Montlake,0,506,11,34,26,46,41,26,-0.235294117647,0.769230769231,-0.108695652174,62.2,63.45,129,0.777108433735,20,0.120481927711,12,0.0722891566265,0,0.0,3,0.0180722891566,2,0.0120481927711,166
0.091,,0,,0,328900,403900,454400,296700,0,264,267000,416000,0,,0.02,0,3218,0.054,392000,0.0053050397877,0.0809018567639,0.4836427939876,0.2572944297082,0.105216622458,NA,0.0676392572944,0.0780648284756147,0.101517519715027,0.181716725479598,0.159194328916973,0.167032969326152,0.103139588024282,0.0774692562442222,0.131864783818131,0.254436037640368,0.280451086701169,0.21478686915913,0.140664198285895,0.0619489373304978,0.0477128708829404,0.2589696412143,0.2980680772769,0.1899724011039,0.0579576816927,0.1628334866605,0.0160993560257,0.2080624187256,0.0585175552665,0.7334200260078,0.785715030196523,0.214284969803477,0.54342218,0.45657782,0.0753443340943993,0.0520385832209122,0.229137883426261,0.248550090375586,0.162913898410854,0.172957384932042,0.0527095208538615,0.00634830468608302,1953,0.2080624187256,1520,0.54342218,0.45657782,0.7334200260078,28.332473867488456,2.16790114691789,0.214284969803477,40,42666.1392695535,0.162913898410854,0.172957384932042,5600638289a44ed0142ba89a,Seattle,271957,47.726604,-122.302454,Olympic Hills,Washington,http://www.zillow.com/local-info/WA-Seattle/Olympic-Hills/r_271957/,365200,24,Olympic Hills,0,1306,180,34,29,43,37,35,-0.147058823529,0.48275862069,-0.139534883721,47.9473684211,65.1578947368,50,0.30303030303,7,0.0424242424242,52,0.315151515152,11,0.0666666666667,38,0.230303030303,7,0.0424242424242,165
0.118,,0,,0,556400,676700,757200,380700,0,430,618300,667500,0,,0.024,0,4915,0.053,648400,0.431757119828,0.2974207415368,0.0709296077377,0.0403009134873,0.0760343901128,0.011552928533,0.0720042987641,0.0892310624451255,0.0703209848270552,0.178023091441823,0.243617611508884,0.203847569213872,0.110965101436087,0.0393157918327575,0.0646787872943961,0.314657988985471,0.25824560234145,0.182367588194196,0.102704118129458,0.0898795828904629,0.0521451194589621,0.2322632856757,0.2330725654167,0.2185055300782,0.1052063663339,0.1801996223361,0.0250876719719,0.1084529505582,0.08107389686330001,0.8104731525784,0.798013716814992,0.201986283185007,0.57384221,0.42615779,0.0729080539836001,0.0440563262643827,0.21318565484082,0.215021649439928,0.202916294410878,0.212117425611782,0.032477758520535,0.00731683692807485,1921,0.1084529505582,1550,0.57384221,0.42615779,0.8104731525784,26.33673989452047,2.06800045045951,0.201986283185007,37,56936.3233022279,0.202916294410878,0.212117425611782,5600638289a44ed0142ba895,Seattle,271961,47.672704,-122.355277,Phinney Ridge,Washington,http://www.zillow.com/local-info/WA-Seattle/Phinney-Ridge/r_271961/,586600,22,Phinney Ridge,2,1571,81,115,85,113,140,105,-0.260869565217,0.329411764706,0.238938053097,47.7916666667,74.125,28,0.130841121495,18,0.0841121495327,50,0.233644859813,35,0.163551401869,75,0.35046728972,8,0.0373831775701,214
0.108,,0,,0,439400,554900,663600,367200,345000,0,0,564600,249,,0,0.091,3386,0.058,508000,0.6088560885608,NA,NA,NA,0.070110701107,0.3173431734317,NA,0.0483048712833343,0.0350430137269961,0.168468241544445,0.23972561460875,0.161100199499628,0.159442080977378,0.090700473946832,0.0972155044126351,0.35274592030869,0.24774578632868,0.161358825263271,0.0841628928963798,0.12014657413114,0.0338400010718401,NA,NA,NA,NA,NA,NA,0.9424460431654,0.0503597122302,NA,0.888864245075998,0.111135754924002,0.27814596,0.72185404,0.054732400753162,0.119244077721586,0.165703854861871,0.177604274490088,0.135800826112245,0.29764850468426,0.0353775832437885,0.0138884781329995,1906,0.9424460431654,1520,0.27814596,0.72185404,0.6487942484377,23.95948444492081,1.61042472664826,0.111135754924002,42,28287.6900491135,0.135800826112245,0.29764850468426,5600638289a44ed0142ba8ee,Seattle,271963,47.597829,-122.332927,Pioneer Square,Washington,http://www.zillow.com/local-info/WA-Seattle/Pioneer-Square/r_271963/,,307,Pioneer Square,3,1882,708,43,42,53,70,42,-0.0232558139535,0.261904761905,0.320754716981,100.0,96.3333333333,12,0.0652173913043,15,0.0815217391304,48,0.260869565217,42,0.228260869565,67,0.364130434783,0,0.0,184
0.109,,0,,0,439400,900700,1015900,421800,0,400,0,971400,0,,0.907,0,6222,0.069,843900,0.2474437627811,0.4642126789366,0.0511247443762,0.0306748466257,0.0388548057259,NA,0.163599182004,0.0463233640656622,0.0389026309871824,0.252529795367664,0.242860355295705,0.150663368563076,0.148414661569597,0.0658871149089274,0.0544187092421857,0.360446047884552,0.236470974089866,0.183010823220728,0.0721548048540505,0.121023286323385,0.0268940636274188,0.1201629327902,0.1262729124236,0.2199592668024,0.2912423625254,0.10183299389,0.1303462321792,0.2592592592592,0.1481481481481,0.5925925925925,0.897109826589595,0.102890173410405,0.4027671,0.5972329,0.0651497005988024,0.0730538922155689,0.186826347305389,0.168383233532934,0.211736526946108,0.264670658682635,0.0265868263473054,0.00359281437125749,1923,0.2592592592592,2210,0.4027671,0.5972329,0.5925925925925,23.608068219088224,1.7,0.102890173410405,38,53995,0.211736526946108,0.264670658682635,5600638289a44ed0142ba8e5,Seattle,271964,47.647441,-122.318551,Portage Bay,Washington,http://www.zillow.com/local-info/WA-Seattle/Portage-Bay/r_271964/,778300,4,Portage Bay,0,490,15,25,17,37,39,28,-0.32,1.17647058824,0.0540540540541,68.875,62.75,79,0.401015228426,17,0.0862944162437,45,0.228426395939,13,0.0659898477157,40,0.203045685279,3,0.0152284263959,197
0.108,,0,,0,439400,554900,663600,367200,0,0,0,564600,0,,0,0,0,0,508000,NA,NA,NA,NA,NA,NA,NA,NA,NA,NA,NA,NA,NA,NA,NA,NA,NA,NA,NA,NA,NA,NA,NA,NA,NA,NA,NA,NA,NA,NA,NA,NA,NA,NA,NA,NA,NA,NA,NA,NA,NA,NA,NA,NA,NA,NA,NA,NA,NA,NA,NA,NA,NA,NA,NA,5600638289a44ed0142ba8ea,Seattle,271975,47.681855,-122.25644,Sand Point,Washington,http://www.zillow.com/local-info/WA-Seattle/Sand-Point/r_271975/,,1,Sand Point,0,117,22,4,10,4,7,2,1.5,-0.6,0.75,40.75,46.375,140,0.809248554913,7,0.0404624277457,14,0.0809248554913,4,0.0231213872832,6,0.0346820809249,2,0.0115606936416,173
0.082,,0,,0,440400,610100,735800,367200,0,313,0,635000,0,,0.023,0,4867,0.061,635000,0.1095406360424,0.1077738515901,0.5044169611307,0.1598939929328,0.0653710247349,NA,0.0459363957597,0.14714430928146,0.129677404191728,0.114552555246319,0.145911390446495,0.163207508367984,0.120891266155741,0.053923306376903,0.12469225993337,0.218883766248595,0.258821330369701,0.266748877008423,0.13799919312072,0.0696132138746022,0.0479336193779587,0.1255526083112,0.1591511936339,0.2581786030061,0.2961980548187,0.0583554376657,0.1007957559681,NA,0.0565723793677,0.9425956738768,0.686243625024551,0.313756374975449,0.70259327,0.29740673,0.0486820447133458,0.0399253586959649,0.300702608526551,0.270939847423372,0.125323076892548,0.148809340729665,0.0521065357525199,0.0135111872660328,1951,0.2496228965463,2160,0.70259327,0.29740673,0.9425956738768,29.122883739183457,2.73944314005717,0.313756374975449,37,52946.5155165374,0.125323076892548,0.148809340729665,5600638289a44ed0142ba8d1,Seattle,271977,47.547011,-122.259808,Seward Park,Washington,http://www.zillow.com/local-info/WA-Seattle/Seward-Park/r_271977/,590400,7,Seward Park,0,1537,42,41,70,60,66,50,0.707317073171,-0.142857142857,0.1,41.1428571429,44.4285714286,45,0.217391304348,7,0.0338164251208,31,0.149758454106,16,0.0772946859903,108,0.521739130435,0,0.0,207
0.108,,0,,0,439400,554900,663600,367200,0,0,295000,564600,0,,0,0,2946,0.123,508000,NA,NA,NA,NA,NA,NA,NA,NA,NA,NA,NA,NA,NA,NA,NA,NA,NA,NA,NA,NA,NA,NA,NA,NA,NA,NA,NA,0.95703125,NA,NA,NA,NA,NA,NA,NA,NA,NA,NA,NA,NA,NA,NA,1949,0.95703125,1520,0.48412441,0.51587559,0.6487942484377,26.6363786935206,2.08,0.181808339938523,37,45736,0.187486853578992,0.230033266826908,5600638289a44ed0142ba8de,Seattle,271987,47.622162,-122.34237,South Lake Union,Washington,http://www.zillow.com/local-info/WA-Seattle/South-Lake-Union/r_271987/,,20,South Lake Union,90,1828,283,125,134,158,145,132,0.072,0.179104477612,-0.0822784810127,91.4285714286,96.1428571429,44,0.229166666667,6,0.03125,35,0.182291666667,9,0.046875,90,0.46875,8,0.0416666666667,192
0.073,,0,,0,544300,727500,919400,356000,0,395,678300,760400,0,,0.052,0,5423,0.068,699500,0.0562882392929,0.2033990482664,0.4398368456832,0.1394969408565,0.0677090414683,0.0031271244051,0.0901427600271,0.0981147513944758,0.0753361017467774,0.150640258803179,0.19122650927761,0.171952201643227,0.137648722913841,0.0601851237463368,0.114896330474552,0.337774531462556,0.248676529281482,0.160924483119161,0.0929222598851001,0.121295195453472,0.0384070007982282,0.1630136986301,0.2043835616438,0.2160273972602,0.2093150684931,0.1273972602739,0.0738356164383,0.1452653760042,0.07230343737639999,0.7824311866192,0.799169806495836,0.200830193504164,0.63411396,0.36588604,0.0630157033721056,0.0403851984844708,0.273071952278156,0.262924739794665,0.122991110498205,0.182546175728548,0.0431497972988503,0.011915322545,1947,0.1452653760042,1820,0.63411396,0.36588604,0.7824311866192,24.435438027701903,2.08199391011308,0.200830193504164,39,63005.4734133852,0.122991110498205,0.182546175728548,5600638289a44ed0142ba889,Seattle,271990,47.650943,-122.409136,Magnolia,Washington,http://www.zillow.com/local-info/WA-Seattle/Magnolia/r_271990/,662000,26,Magnolia,2,2094,37,174,182,199,307,208,0.0459770114943,0.0934065934066,0.542713567839,40.0,58.7272727273,42,0.208955223881,14,0.0696517412935,54,0.268656716418,14,0.0696517412935,75,0.373134328358,2,0.00995024875622,201
0.163,,0,,0,451200,611700,732000,392800,0,382,370000,692700,0,,0.033,0,4112,0.06,589300,0.3779184804115,0.2627621685793,0.0455085081123,0.0969529085872,0.0973486347447,0.0055401662049,0.1139691333597,0.0427530669327387,0.120134367072091,0.459740935353733,0.151568787131676,0.0922533604892122,0.0674236647329364,0.0289596382286902,0.0371661800589213,0.343027233922857,0.249038433053571,0.185863204249101,0.078711872752473,0.0969116825242883,0.0464475734977107,NA,NA,NA,NA,NA,NA,NA,NA,NA,0.881493879493367,0.118506120506633,0.2782266,0.7217734,0.0354004805226359,0.0308617012660962,0.111839843785151,0.125119185811084,0.307340658154037,0.369131099892917,0.0177064492616689,0.00260058130640967,1922,0.2496228965463,1520,0.2782266,0.7217734,0.6487942484377,25.290095105463894,2.12089908068845,0.118506120506633,31,36936.4891832131,0.307340658154037,0.369131099892917,5600638289a44ed0142ba888,Seattle,272001,47.660897,-122.305045,University District,Washington,http://www.zillow.com/local-info/WA-Seattle/University-District/r_272001/,514200,192,University District,3,6893,834,188,208,236,185,166,0.106382978723,0.134615384615,-0.216101694915,69.6428571429,91.8571428571,4,0.0165975103734,10,0.0414937759336,45,0.186721991701,32,0.132780082988,148,0.614107883817,2,0.00829875518672,241
0.053,,0,,0,383700,453000,516800,214700,0,283,390000,459900,0,,0.05,0,3673,0.062,442600,NA,0.1537225495447,0.4756293519014,0.1140867702196,0.1472951258703,NA,0.1055168719871,0.0922644698228862,0.082457937048108,0.217202997748599,0.181158483422434,0.177115524000994,0.109977920974315,0.0588471368815012,0.0809755301011637,0.238583442620383,0.279384392475173,0.205009358761013,0.130897077990062,0.0650145326158767,0.0811111955374922,0.2385568120624,0.22563274098,0.2191707054388,0.0996230479267,0.1917070543887,0.0166935918147,0.1536853110297,0.0564558285415,0.7898588604286,0.826398693292339,0.173601306707661,0.49498483,0.50501517,0.0743768329323804,0.052151891558271,0.22502820510159,0.22071659721518,0.180214231020741,0.210908288108027,0.0287845737057391,0.00781938035807105,1949,0.1536853110297,1520,0.49498483,0.50501517,0.7898588604286,29.649241351629,2.10761111526743,0.173601306707661,37,42063.8745057771,0.180214231020741,0.210908288108027,5600638289a44ed0142ba8b6,Seattle,272005,47.709842,-122.303948,Victory Heights,Washington,http://www.zillow.com/local-info/WA-Seattle/Victory-Heights/r_272005/,422200,20,Victory Heights,0,769,61,24,27,40,31,27,0.125,0.481481481481,-0.225,51.2777777778,68.1111111111,104,0.658227848101,4,0.0253164556962,25,0.158227848101,0,0.0,21,0.132911392405,4,0.0253164556962,158
0.085,,0,,0,456700,554900,663600,415200,0,399,438000,564600,0,,0.07,0,3100,0.09,433700,0.02969348659,0.0641762452107,0.0536398467432,0.1791187739463,0.5450191570881,NA,0.1245210727969,0.0518810272908634,0.0395524329950559,0.269916179752245,0.223412895544043,0.164241951127197,0.115408574424968,0.0459197754279721,0.0896671634376552,0.309330622666739,0.241739425072456,0.187320372958681,0.0822699412487218,0.139659835544826,0.0396798025085767,0.3113948919449,0.1090373280943,0.0667976424361,0.0284872298624,0.4204322200392,0.0432220039292,0.8287037037037,0.11481481481479999,0.0564814814814,0.907849039129428,0.0921509608705719,0.4170807,0.5829193,0.0533313579410769,0.0464315949881476,0.177637148662377,0.177577886894683,0.235569759566542,0.251329156789705,0.045479173721639,0.012643921435828,1984,0.8287037037037,1130,0.4170807,0.5829193,0.0564814814814,24.545521652054486,1.72554050414206,0.0921509608705719,38,56074.1444694815,0.235569759566542,0.251329156789705,5600638289a44ed0142ba8c0,Seattle,272022,47.634921,-122.34161,Westlake,Washington,http://www.zillow.com/local-info/WA-Seattle/Westlake/r_272022/,406900,13,Westlake,2,1727,75,48,42,58,65,55,-0.125,0.380952380952,0.120689655172,67.625,76.1875,71,0.387978142077,9,0.0491803278689,39,0.213114754098,4,0.0218579234973,41,0.224043715847,19,0.103825136612,183
0.114,,0,,0,546300,892400,1409200,367200,0,468,0,1211000,0,,0.021,0,7965,0.059,1072800,NA,0.0700808625336,0.6536388140161,0.11051212938,0.0970350404312,NA,0.0619946091644,0.157761492338441,0.111792138574284,0.0954030646235843,0.16055962691539,0.152964690206529,0.142838107928048,0.0666222518321119,0.112058627581612,0.318385650224215,0.256566303651505,0.188340807174888,0.106662395900064,0.109224855861627,0.0208199871877002,0.1163734776725,0.1123139377537,0.1921515561569,0.2679296346414,0.0852503382949,0.2219215155615,0.1058201058201,0.044973544973400004,0.8492063492063,0.654377880184332,0.345622119815668,0.73496365,0.26503635,0.055423325399524,0.0221013260795648,0.342740564433866,0.323359401564094,0.092485549132948,0.115946956817409,0.037062223733424,0.0108806528391704,1950,0.1058201058201,2390,0.73496365,0.26503635,0.8492063492063,24.641896220371564,2.48,0.345622119815668,37,81866,0.092485549132948,0.115946956817409,5600638289a44ed0142ba8dc,Seattle,272026,47.670199,-122.262975,Windermere,Washington,http://www.zillow.com/local-info/WA-Seattle/Windermere/r_272026/,967300,0,Windermere,0,246,4,23,25,38,38,43,0.0869565217391,0.52,0.0,40.4615384615,35.0769230769,161,0.899441340782,7,0.0391061452514,0,0.0,0,0.0,7,0.0391061452514,4,0.0223463687151,179
0.126,,0,,0,318500,418000,472100,261200,0,261,270000,439800,0,,0.023,0,3201,0.066,403400,NA,0.0323645970937,0.4498018494055,0.2206076618229,0.1538969616908,NA,0.1400264200792,0.089579941955532,0.0983688971263366,0.181195142156392,0.158179710752037,0.1627418271751,0.0999514921486907,0.0744719232758854,0.135511065410028,0.242756632628133,0.257536522206479,0.224812566862273,0.149822903851777,0.0714900360172072,0.0535813384341302,0.250501002004,0.2605210420841,0.190380761523,0.0741482965931,0.1977287909151,0.0113560454241,0.2975420439844,0.0523932729624,0.650064683053,0.774939398380585,0.225060601619415,0.56641178,0.43358822,0.0652654516244634,0.0441302854835113,0.220883311346891,0.239278252948754,0.167502299423175,0.18836697129632,0.0641706044404108,0.0104028234364755,1960,0.2975420439844,1430,0.56641178,0.43358822,0.650064683053,28.798533350737877,2.22116413378107,0.225060601619415,39,43197.8068082847,0.167502299423175,0.18836697129632,5600638289a44ed0142ba8b4,Seattle,343993,47.723129,-122.320343,Pinehurst,Washington,http://www.zillow.com/local-info/WA-Seattle/Pinehurst/r_343993/,365100,12,Pinehurst,0,1007,66,20,21,16,28,19,0.05,-0.238095238095,0.75,48.0,65.0769230769,39,0.194029850746,2,0.00995024875622,43,0.213930348259,9,0.044776119403,108,0.537313432836,0,0.0,201
0.103,,0,,0,486300,787000,994400,228200,0,383,623500,882800,0,,0.098,0,5441,0.058,720500,NA,0.0477346278317,0.5428802588996,0.3349514563106,0.042071197411,NA,0.0323624595469,0.113423180784645,0.0898490172765719,0.103874265033391,0.136054591062217,0.175117333099031,0.133558104325771,0.0919122819224497,0.156211226495924,0.267549888641366,0.29955565917669,0.174542154491465,0.122425140028581,0.0808053674087997,0.0551217902530985,0.1406971860562,0.1688366232675,0.2171356572868,0.2347753044939,0.172616547669,0.0655186896262,0.2992817238627,0.0135674381484,0.6867517956903,0.732860655838559,0.267139344161441,0.7927402,0.2072598,0.0591671843425798,0.0258394809865896,0.302564399286453,0.310487408993783,0.124520344059095,0.122889513860017,0.0458146204569407,0.00871704801454166,1952,0.2992817238627,1860,0.7927402,0.2072598,0.6867517956903,27.36460756118323,2.24905639669949,0.267139344161441,42,60819.3416497635,0.124520344059095,0.122889513860017,5600638289a44ed0142ba8c5,Seattle,343996,47.683937,-122.27431,View Ridge,Washington,http://www.zillow.com/local-info/WA-Seattle/View-Ridge/r_343996/,656000,0,View Ridge,0,527,6,52,59,57,63,41,0.134615384615,-0.0338983050847,0.105263157895,40.6315789474,42.7894736842,65,0.357142857143,6,0.032967032967,55,0.302197802198,13,0.0714285714286,35,0.192307692308,8,0.043956043956,182
0.111,,0,,0,536200,710800,833400,497100,0,407,525800,703900,0,,0.115,0,4562,0.077,627100,0.1064582718961,0.111766440578,0.2742553818932,0.1961073429666,0.2253022707166,NA,0.0846358006487,0.0839879134373972,0.0668034915752425,0.136939655685669,0.205492985836082,0.183297079190405,0.133166135245735,0.0598389922327595,0.13047374679671,0.236108480858587,0.276753917374247,0.203686883688118,0.148898778988108,0.0779992074444406,0.0565527316465001,0.2480523527578,0.198504206918,0.2034901838578,0.1315051417887,0.1573698971642,0.051729510751,0.3591608391608,0.1434965034964,0.4973426573426,0.822955652876743,0.177044347123257,0.5739815,0.4260185,0.081253938839956,0.0631762648048472,0.252277869438173,0.247312917096277,0.136516246125215,0.158098360994453,0.0517203744587992,0.00964402824227996,1959,0.3591608391608,1580,0.5739815,0.4260185,0.4973426573426,28.599325813673072,1.96217939360763,0.177044347123257,41,56978.0830047028,0.136516246125215,0.158098360994453,5600638289a44ed0142ba8a1,Seattle,343997,47.576466,-122.398842,Alki,Washington,http://www.zillow.com/local-info/WA-Seattle/Alki/r_343997/,568600,13,Alki,0,575,57,39,26,46,60,36,-0.333333333333,0.769230769231,0.304347826087,33.9166666667,47.0416666667,38,0.166666666667,23,0.100877192982,37,0.162280701754,23,0.100877192982,103,0.451754385965,4,0.0175438596491,228
0.151,,0,,0,252100,554900,663600,216800,0,239,0,405000,0,,0.985,0,1894,0.039,264200,NA,NA,0.3063583815028,0.271676300578,0.3179190751445,NA,0.0886319845857,0.0761935905820798,0.0699803793328973,0.248201438848921,0.169555264879006,0.129005886200131,0.0984303466317855,0.0554283845650752,0.153204708960105,0.242330337775023,0.284474744344593,0.177874186550976,0.105361016423923,0.114657576696622,0.0753021382088627,NA,NA,NA,NA,NA,NA,0.550284629981,0.066413662239,0.3681214421252,0.860759493670886,0.139240506329114,0.26478535,0.73521465,0.0703096539162113,0.0422586520947177,0.198360655737705,0.170491803278689,0.185245901639344,0.22695810564663,0.0927140255009107,0.0136612021857923,1978,0.550284629981,1520,0.26478535,0.73521465,0.3681214421252,27.59776882553456,1.82,0.139240506329114,39,32463,0.185245901639344,0.22695810564663,5600638289a44ed0142ba8d3,Seattle,343998,47.707712,-122.321105,Northgate,Washington,http://www.zillow.com/local-info/WA-Seattle/Northgate/r_343998/,234300,34,Northgate,2,2546,116,18,36,29,30,22,1.0,-0.194444444444,0.0344827586207,55.625,82.875,74,0.456790123457,4,0.0246913580247,30,0.185185185185,4,0.0246913580247,44,0.271604938272,6,0.037037037037,162
0.095,,0,,0,356600,436600,549300,370500,0,310,390800,478900,0,,0.024,0,3255,0.068,418200,0.049543049543,0.1043771043771,0.1928811928811,0.1596921596921,0.2227032227032,NA,0.2683982683982,0.077589282765875,0.0786906939413928,0.278369761115259,0.203664148656815,0.167638942247931,0.0787014328681499,0.0433668736863272,0.0719788647182495,0.30116154084004,0.258341481307317,0.223381873349654,0.127271014827619,0.0474488766863144,0.0423952129890563,0.3525983487129,0.2064108790675,0.1083050024283,0.0616804273919,0.2287518212724,0.0315687226809,0.4447069943289,0.1148393194706,0.4404536862003,0.828423037823816,0.171576962176184,0.37659343,0.62340657,0.0567557583954141,0.0462551771657402,0.190983175247908,0.185751052772036,0.223807499144364,0.257966917402062,0.0296657816295238,0.0088146382429525,1978,0.4447069943289,1330,0.37659343,0.62340657,0.4404536862003,27.791381374646217,2.05009548621226,0.171576962176184,35,39012.5392446788,0.223807499144364,0.257966917402062,5600638289a44ed0142ba8a5,Seattle,343999,47.699483,-122.336865,North College Park,Washington,http://www.zillow.com/local-info/WA-Seattle/North-College-Park/r_343999/,388200,39,North College Park,6,1586,101,39,37,66,57,59,-0.0512820512821,0.783783783784,-0.136363636364,55.9583333333,67.2083333333,54,0.317647058824,3,0.0176470588235,28,0.164705882353,14,0.0823529411765,69,0.405882352941,2,0.0117647058824,170
0.1,,0,,0,428600,540300,597900,243100,0,325,457800,532900,0,,0.047,0,4081,0.06,509100,0.0561140986672,0.3546878653261,0.2782324058919,0.114566284779,0.1222819733458,NA,0.0731821370119,0.0863542583278364,0.0780201206011274,0.201692754839756,0.204758038161418,0.179661836136636,0.103863148197141,0.0482623578316393,0.0973874859044453,0.293861236086847,0.292143920451229,0.194192871489478,0.102098841735645,0.0606956844546752,0.0570074457821263,0.2629725287626,0.2162479455271,0.2169523362291,0.088988025358,0.1965250058699,0.0119746419347,0.164938954158,0.039161483529,0.7958995623128,0.79920954172729,0.20079045827271,0.58462983,0.41537017,0.0655973004177824,0.0421896856905679,0.223175367006514,0.218640429890644,0.190247324270213,0.206027757796458,0.0463485945910027,0.0077735403368187,1941,0.164938954158,1470,0.58462983,0.41537017,0.7958995623128,27.478803777613415,2.0986286665873,0.20079045827271,38,50372.7197026158,0.190247324270213,0.206027757796458,5600638289a44ed0142ba892,Seattle,344000,47.695035,-122.316628,Maple Leaf,Washington,http://www.zillow.com/local-info/WA-Seattle/Maple-Leaf/r_344000/,468500,16,Maple Leaf,0,1903,86,75,111,99,109,100,0.48,-0.108108108108,0.10101010101,51.28,62.04,88,0.47311827957,6,0.0322580645161,45,0.241935483871,12,0.0645161290323,31,0.166666666667,4,0.0215053763441,186
0.147,,0,,0,470000,580700,651200,241600,0,353,551900,593700,0,,0.042,0,4494,0.049,585300,0.0155457924974,0.1078066914498,0.6400811084825,0.109158499493,0.0733355863467,NA,0.0537343697194,0.105872765457693,0.0922175073826878,0.142767431640002,0.190369464315059,0.175656484471874,0.120520810991004,0.0709925338852726,0.101603001856407,0.281999502864442,0.279051776899751,0.207245378040232,0.115107702850715,0.0670109943045333,0.0495846450403274,0.218950930626,0.2368866328257,0.233502538071,0.1445008460236,0.1448392554991,0.0182741116751,0.0525091392489,0.0408773678962,0.9066134928547,0.731649685825765,0.268350314174235,0.72427299,0.27572701,0.05906287944554,0.0350202610964058,0.276737917280321,0.271804516566769,0.140441391487534,0.169986108032377,0.0376966020575162,0.00925032403353684,1949,0.0525091392489,1640,0.72427299,0.27572701,0.9066134928547,27.514869597024582,2.27883963225596,0.268350314174235,38,60405.1219714215,0.140441391487534,0.169986108032377,5600638289a44ed0142ba89b,Seattle,344001,47.690136,-122.293779,Wedgwood,Washington,http://www.zillow.com/local-info/WA-Seattle/Wedgwood/r_344001/,523700,6,Wedgwood,10,1369,48,64,84,106,126,74,0.3125,0.261904761905,0.188679245283,43.125,66.4583333333,54,0.3,9,0.05,53,0.294444444444,14,0.0777777777778,48,0.266666666667,2,0.0111111111111,180
0.119,,0,,0,487600,597900,689500,346400,0,386,288500,612500,0,,0.08,0,4472,0.055,592700,0.2913328477785,0.4457392571012,0.0793882010196,0.0160233066278,0.0429715950473,NA,0.1172614712308,0.071200187449891,0.0650089772688777,0.309727915353953,0.21164447756812,0.142519789514098,0.100207775782829,0.0367506238919566,0.0629402531702745,0.305745202762023,0.257572551923552,0.211916173674346,0.0860351844166506,0.0775926061549673,0.061138281068462,0.2352071005917,0.2670118343195,0.2137573964497,0.1087278106508,0.1545857988165,0.0096153846153,0.1122375090514,0.0695148443157,0.8182476466328,0.831252221300794,0.168747778699206,0.44571657,0.55428343,0.0584647061400489,0.0362542009049547,0.175335603021522,0.189018818802531,0.241528096778837,0.270803006502406,0.0228954796072271,0.00570008824247279,1925,0.1122375090514,1560,0.44571657,0.55428343,0.8182476466328,27.147510716536427,2.11897170968399,0.168747778699206,35,53227.0794470673,0.241528096778837,0.270803006502406,5600638289a44ed0142ba8bf,Seattle,344002,47.680657,-122.313832,Roosevelt,Washington,http://www.zillow.com/local-info/WA-Seattle/Roosevelt/r_344002/,532800,12,Roosevelt,0,1004,59,29,37,32,48,21,0.275862068966,-0.135135135135,0.5,55.8235294118,84.5294117647,56,0.266666666667,4,0.0190476190476,74,0.352380952381,14,0.0666666666667,50,0.238095238095,12,0.0571428571429,210
0.154,,0,,0,548300,663200,731100,335200,0,403,456000,670400,0,,0.013,0,4760,0.061,651600,0.0268279852709,0.2766964755391,0.4934245134139,0.1109942135718,0.0352446081009,NA,0.0557601262493,0.110242846754484,0.0929032515211209,0.15176660283627,0.176563163026501,0.182372384749351,0.128034453097886,0.047151094242837,0.110966203771551,0.24488223476909,0.282482070712447,0.206183405017399,0.12650915542686,0.100542004856064,0.0394011292181391,0.2324840764331,0.2367303609341,0.2393842887473,0.1151804670912,0.1475583864118,0.0217622080679,0.1266352694924,0.0366300366299,0.8367346938775,0.718159721011753,0.281840278988247,0.71733781,0.28266219,0.0639824440613883,0.026657319947854,0.264202205870095,0.263994238598059,0.16337412937148,0.166618773068113,0.0401216379318968,0.0110492511511134,1947,0.1266352694924,1610,0.71733781,0.28266219,0.8367346938775,26.93824487246949,2.30160570402573,0.281840278988247,38,64572.2373165658,0.16337412937148,0.166618773068113,5600638289a44ed0142ba8be,Seattle,344003,47.672037,-122.286168,Bryant,Washington,http://www.zillow.com/local-info/WA-Seattle/Bryant/r_344003/,569300,4,Bryant,0,538,13,47,30,59,59,55,-0.36170212766,0.966666666667,0.0,46.3333333333,72.6666666667,0,0.0,10,0.0392156862745,54,0.211764705882,30,0.117647058824,161,0.63137254902,0,0.0,255
0.121,,0,,0,553900,763600,924300,367200,575000,370,0,842300,311,,0.01,0,5855,0.044,792500,NA,0.0498614958448,0.7119113573407,0.174515235457,0.0152354570637,NA,0.0457063711911,0.109136351013607,0.0923354623715635,0.154262704804221,0.17967231324632,0.181755068036656,0.130241599555679,0.0459594557067481,0.106637045265204,0.240010116337886,0.281487101669196,0.208902377339403,0.126454223571067,0.103439554881133,0.0397066262013151,0.0944444444444,0.2097222222222,0.2930555555555,0.3083333333333,0.0319444444444,0.0625,0.1404958677685,NA,0.8374655647382,0.717342702012137,0.282657297987863,0.71296296,0.28703704,0.0662900814088719,0.0275793321149693,0.259843827878385,0.26150523342748,0.164645289915268,0.169629506562552,0.0397075926233594,0.0107991360691145,1948,0.1404958677685,2100,0.71296296,0.28703704,0.8374655647382,26.974456246838635,2.3,0.282657297987863,38,65136,0.164645289915268,0.169629506562552,5600638289a44ed0142ba8e7,Seattle,344004,47.671893,-122.271548,Hawthorne Hills,Washington,http://www.zillow.com/local-info/WA-Seattle/Hawthorne-Hills/r_344004/,704300,0,Hawthorne Hills,0,127,0,17,20,19,21,20,0.176470588235,-0.05,0.105263157895,43.6666666667,54.0,0,0.0,10,0.0387596899225,57,0.220930232558,32,0.124031007752,159,0.616279069767,0,0.0,258
0.125,,0,,0,490000,734700,878200,367200,0,356,0,753200,0,,0.059,0,5547,0.059,746400,0.0267094017094,0.1399572649572,0.6207264957264,0.1388888888888,0.0480769230769,NA,0.025641025641,0.115704562641795,0.0957902697252332,0.0655407108646332,0.15427275018906,0.204940761280565,0.124527350642803,0.0852029241240232,0.154020670531888,0.243075183719616,0.325607687959299,0.19672131147541,0.131147540983607,0.0604861503674392,0.0429621254946297,0.0862998921251,0.143473570658,0.2826321467098,0.3430420711974,0.0981661272923,0.0453074433656,0.0166493236212,0.0686784599374,0.9146722164412,0.744105807935595,0.255894192064405,0.77613636,0.22386364,0.0574954846478025,0.0391330523780855,0.308549066827213,0.295906080674293,0.117399157134256,0.109271523178808,0.0632149307645996,0.00903070439494281,1954,0.0166493236212,2200,0.77613636,0.22386364,0.9146722164412,27.882984737139626,2.23,0.255894192064405,42,61329,0.117399157134256,0.109271523178808,5600638289a44ed0142ba8df,Seattle,344005,47.696054,-122.382179,Olympic Manor,Washington,http://www.zillow.com/local-info/WA-Seattle/Olympic-Manor/r_344005/,667800,4,Olympic Manor,0,199,6,19,16,39,21,14,-0.157894736842,1.4375,-0.461538461538,48.5454545455,64.8181818182,99,0.532258064516,12,0.0645161290323,33,0.177419354839,8,0.0430107526882,32,0.172043010753,2,0.010752688172,186
0.079,,0,,0,458500,653300,954000,367200,0,365,675000,685700,0,,0.042,0,5454,0.051,684200,NA,0.0698689956331,0.8275109170305,0.0524017467248,0.0294759825327,NA,0.0174672489082,0.102990616847332,0.103160995079446,0.128010761048814,0.177896045586763,0.183008904783016,0.108880259640295,0.0663691264561857,0.129683290558147,0.283421484110576,0.288276374840141,0.189085907813181,0.130785795970844,0.0647715516721557,0.0436588855931026,0.1255458515283,0.1997816593886,0.2347161572052,0.3002183406113,0.0687772925764,0.0709606986899,NA,0.0539112050739,0.9429175475687,0.785774317986228,0.214225682013772,0.65176756,0.34823244,0.071629449149935,0.0429179357583227,0.256529962469807,0.260083369078519,0.146799997958847,0.154605605785587,0.0556208090708823,0.0118128707281002,1949,0.2496228965463,2060,0.65176756,0.34823244,0.9429175475687,27.327393402403263,2.18209601442032,0.214225682013772,39,52163.1711591476,0.146799997958847,0.154605605785587,5600638289a44ed0142ba8e3,Seattle,344006,47.705359,-122.377348,Blue Ridge,Washington,http://www.zillow.com/local-info/WA-Seattle/Blue-Ridge/r_344006/,644100,2,Blue Ridge,0,170,5,15,22,29,27,22,0.466666666667,0.318181818182,-0.0689655172414,45.2857142857,48.0,53,0.239819004525,3,0.0135746606335,42,0.190045248869,28,0.126696832579,93,0.420814479638,2,0.00904977375566,221
0.076,,0,,0,549000,660200,774400,367200,0,352,450000,686700,0,,0.075,0,5195,0.053,675100,0.0234604105571,0.2424242424242,0.4428152492668,0.1368523949169,0.0821114369501,NA,0.069403714565,0.0837269214255045,0.0794332331472735,0.0871618720480893,0.142550450837269,0.194933447831687,0.17861743237441,0.0897380850150279,0.143838557320739,0.276281494352737,0.274543874891399,0.185925282363162,0.163336229365769,0.0903562119895743,0.00955690703735882,0.1343137254901,0.1833333333333,0.3117647058823,0.2480392156862,0.0705882352941,0.0509803921568,0.0394133822181,0.0861594867094,0.8744271310724,0.754502369668246,0.245497630331754,0.8372549,0.1627451,0.0612444879960804,0.041156295933366,0.308672219500245,0.323370896619304,0.0970112689857913,0.113179813816756,0.034296913277805,0.0210681038706516,1948,0.0394133822181,2020,0.8372549,0.1627451,0.8744271310724,25.867940920938313,2.28,0.245497630331754,43,63207,0.0970112689857913,0.113179813816756,5600638289a44ed0142ba8db,Seattle,344009,47.696701,-122.397188,North Beach,Washington,http://www.zillow.com/local-info/WA-Seattle/North-Beach/r_344009/,635800,0,North Beach,0,180,12,19,28,30,29,22,0.473684210526,0.0714285714286,-0.0333333333333,39.6666666667,28.6666666667,163,0.942196531792,7,0.0404624277457,1,0.00578034682081,0,0.0,2,0.0115606936416,0,0.0,173
0.092,,0,,0,476400,654800,793600,465300,0,411,665000,667300,0,,0.111,0,4647,0.071,615000,0.2849905003166,0.1152628245725,0.1310956301456,0.0994300189993,0.1937935402153,0.016466117796,0.1589613679544,0.0863147576411817,0.0805268305870861,0.193839870468777,0.246582865848552,0.173021016517441,0.0971526680532867,0.0494685827697798,0.073093408113895,0.392020071417898,0.236953730838078,0.165528971210231,0.0807049696733134,0.0969218946784213,0.0278703621820577,0.2337164750957,0.2528735632183,0.1902937420178,0.1219667943805,0.1743295019157,0.0191570881226,0.2153660012099,0.1137326073805,0.6709013914095,0.82567297012656,0.17432702987344,0.56882479,0.43117521,0.0836262362945823,0.04334426837722,0.15036808138797,0.178141140173594,0.233824922136629,0.253423059273796,0.0451153549495719,0.0121569374066372,1949,0.2153660012099,1540,0.56882479,0.43117521,0.6709013914095,23.75385982941429,2.10061343029845,0.17432702987344,36,48395.1559784662,0.233824922136629,0.253423059273796,5600638289a44ed0142ba8c9,Seattle,344012,47.626805,-122.294018,Madison Valley,Washington,http://www.zillow.com/local-info/WA-Seattle/Madison-Valley/r_344012/,571800,2,Madison Valley,0,168,8,16,21,35,20,27,0.3125,0.666666666667,-0.428571428571,55.347826087,76.3043478261,100,0.636942675159,10,0.0636942675159,26,0.165605095541,5,0.031847133758,13,0.0828025477707,3,0.0191082802548,157
0.121,,0,,0,481000,602000,693000,327400,0,372,607800,606800,0,,0.024,0,4361,0.065,584500,0.2478709099058,0.2474226804123,0.2478709099058,0.0533393097265,0.0898700134468,0.0056028686687,0.1080233079336,0.0852877177906321,0.0832885568889326,0.114097173471613,0.213595232596761,0.18633272639783,0.132153382016983,0.0615172222165996,0.123727988620649,0.263583335627171,0.300083376264753,0.170991623771894,0.12223784565765,0.0949076468201622,0.0481961718583688,0.2145438121047,0.2129629629629,0.2145438121047,0.1562782294489,0.1574074074074,0.0383920505871,0.1087002317253,0.0998525384452,0.7914472298293,0.782643074009067,0.217356925990933,0.63867492,0.36132508,0.0692926495110812,0.0502347776982701,0.250431067684718,0.260938664558741,0.13731794037353,0.160447594292238,0.0616626266521959,0.0096746792292258,1938,0.1087002317253,1640,0.63867492,0.36132508,0.7914472298293,26.76478430239442,2.0304279002037,0.217356925990933,40,58771.936499985,0.13731794037353,0.160447594292238,5600638289a44ed0142ba891,Seattle,344019,47.581725,-122.387362,Admiral,Washington,http://www.zillow.com/local-info/WA-Seattle/Admiral/r_344019/,530100,14,Admiral,0,1214,113,112,151,112,146,121,0.348214285714,-0.258278145695,0.303571428571,44.3043478261,59.7826086957,68,0.328502415459,24,0.115942028986,55,0.265700483092,10,0.048309178744,40,0.193236714976,10,0.048309178744,207
0.069,,0,,0,399700,577700,671500,376600,0,325,514000,586500,0,,0.131,0,4494,0.059,568500,0.0721452460582,0.1165790731008,0.4935499283325,0.1729574773053,0.0812231247013,NA,0.0635451505016,0.101123253026593,0.0833697201683309,0.0830139583697549,0.173831514732754,0.207038543362963,0.133737530618445,0.0638536840662906,0.15403179565487,0.232949004750307,0.282462343452366,0.21211657173693,0.140696992323825,0.0792235214804755,0.0525515662560957,0.1835655934646,0.2061508889956,0.2633349351273,0.198462277751,0.1023546371936,0.042767900048,0.0657423971377,0.0831842576028,0.8510733452593,0.778576609159441,0.221423390840559,0.74999889,0.25000111,0.0700987691333245,0.0365804945908325,0.294600883541409,0.290073242870777,0.116172329999294,0.120051524752287,0.0511920270720484,0.0212307280400275,1952,0.0657423971377,1820,0.74999889,0.25000111,0.8510733452593,28.38810773475992,2.15242268374181,0.221423390840559,42,60755.5188471918,0.116172329999294,0.120051524752287,5600638289a44ed0142ba8b3,Seattle,344023,47.522217,-122.389197,Fauntleroy,Washington,http://www.zillow.com/local-info/WA-Seattle/Fauntleroy/r_344023/,535900,15,Fauntleroy,0,848,30,52,39,57,68,46,-0.25,0.461538461538,0.19298245614,43.84,34.48,86,0.443298969072,28,0.144329896907,47,0.242268041237,4,0.020618556701,25,0.128865979381,4,0.020618556701,194
0.076,,0,,0,329700,424400,509600,367200,0,293,545000,416200,0,,0.175,0,3362,0.053,413700,0.0219643597181,0.1234977206796,0.5951098217985,0.1487774554496,0.075010360547,NA,0.0352258599254,0.110010823237464,0.112487008086543,0.0863415040271575,0.155413095848765,0.204899193494241,0.139089075512895,0.0730329504467607,0.118726349346174,0.214640128209103,0.300965310200386,0.196780446187351,0.159781343180659,0.0601904961474191,0.0676422760750823,0.2313122923588,0.2084717607973,0.2068106312292,0.1025747508305,0.2288205980066,0.0215946843853,0.0143540669856,0.0398724082934,0.9429824561403,0.732170542635659,0.267829457364341,0.83334031,0.16665969,0.0562848505819481,0.0400303143451626,0.315864789679568,0.293460716140564,0.113108608374761,0.125397908362315,0.0459074656568836,0.00994534685879654,1949,0.0143540669856,1480,0.83334031,0.16665969,0.9429824561403,29.771339406658704,2.35268088310866,0.267829457364341,40,59880.6759882602,0.113108608374761,0.125397908362315,5600638289a44ed0142ba8b1,Seattle,344024,47.506979,-122.381278,Arbor Heights,Washington,http://www.zillow.com/local-info/WA-Seattle/Arbor-Heights/r_344024/,385500,5,Arbor Heights,0,678,28,36,50,44,46,39,0.388888888889,-0.12,0.0454545454545,38.625,23.8125,88,0.458333333333,18,0.09375,44,0.229166666667,2,0.0104166666667,34,0.177083333333,6,0.03125,192
0.119,,0,,0,266900,323800,364000,367200,0,243,326500,315900,0,,0.01,0,2323,0.061,313600,0.1025385764061,0.1423593827775,0.3822797411647,0.1727227476356,0.1284221005475,NA,0.0716774514683,0.148284518828452,0.135230125523013,0.143933054393305,0.204518828451883,0.155481171548117,0.10326359832636,0.0478661087866109,0.0614225941422594,0.230639161312141,0.281704430165709,0.237064592492391,0.084545147108556,0.100439634764964,0.0656070341562394,0.2561403508771,0.1924812030075,0.160902255639,0.0686716791979,0.3052631578947,0.0140350877192,0.040546911834,0.07873644507300001,0.8807166430928,0.708883826879271,0.291116173120729,0.64641389,0.35358611,0.0734885708182012,0.0457167271950438,0.242469557786798,0.277504806665242,0.139286477248451,0.183721427045503,0.0316171758171331,0.00619525742362743,1951,0.040546911834,1300,0.64641389,0.35358611,0.8807166430928,27.91917483936423,2.72,0.291116173120729,33,46838,0.139286477248451,0.183721427045503,5600638289a44ed0142ba8a8,Seattle,344029,47.527126,-122.341404,Highland Park,Washington,http://www.zillow.com/local-info/WA-Seattle/Highland-Park/r_344029/,287200,12,Highland Park,3,1392,87,23,28,29,23,24,0.217391304348,0.0357142857143,-0.206896551724,49.8181818182,57.1818181818,61,0.311224489796,13,0.0663265306122,37,0.188775510204,18,0.0918367346939,66,0.336734693878,1,0.00510204081633,196
0.103,,0,,0,319200,364300,392000,367200,0,312,352500,352000,0,,0.011,0,2776,0.068,349800,0.048588312541,0.2061720288903,0.5961917268548,0.0492449113591,0.0623768877216,NA,0.0374261326329,0.135379813027446,0.112176407594565,0.160695522372659,0.198293205373281,0.16332521544984,0.09362606521118,0.0514060283944943,0.0850977425765342,0.262024350967658,0.257408626342518,0.236297966406077,0.12516006180507,0.0557957115181697,0.063313282960507,0.3161716171617,0.1801980198019,0.0943894389438,0.0250825082508,0.3749174917491,NA,0.0501628664495,0.014983713355,0.9283387622149,0.746977494523689,0.253022505476312,0.56931436,0.43068564,0.0787038006459693,0.0551610932619326,0.244528182330497,0.229489958585253,0.149701854483624,0.189773740798367,0.0393025862139601,0.0133387836803984,1947,0.0501628664495,1130,0.56931436,0.43068564,0.9283387622149,29.07623664074196,2.34102401256882,0.253022505476312,35,42847.0623181749,0.149701854483624,0.189773740798367,5600638289a44ed0142ba8b9,Seattle,344030,47.527392,-122.370661,Roxhill,Washington,http://www.zillow.com/local-info/WA-Seattle/Roxhill/r_344030/,324300,34,Roxhill,0,1258,83,24,25,40,24,23,0.0416666666667,0.6,-0.4,50.1052631579,65.8947368421,58,0.295918367347,12,0.0612244897959,46,0.234693877551,9,0.0459183673469,69,0.352040816327,2,0.0102040816327,196
0.106,,0,,0,253000,304400,342300,228300,0,234,278500,311400,0,,0.013,0,2205,0.069,289600,0.0775151181968,0.1148982957669,0.3282023089609,0.2028587135788,0.1187465640461,NA,0.1577789994502,0.139043522267206,0.13372975708502,0.186740890688259,0.182439271255061,0.14207995951417,0.0931174089068826,0.0406123481781377,0.0822368421052632,0.263048558815892,0.256297065697221,0.242015061023111,0.123604258634121,0.0423266683978187,0.0727083874318359,0.3981173864894,0.1555924695459,0.1212624584717,0.0426356589147,0.2452934662236,0.0265780730897,0.2557029177718,0.0976127320954,0.6466843501326,0.717517578722103,0.282482421277897,0.45409886,0.54590114,0.0819724116061519,0.0459806564135088,0.234659901696528,0.225939432376724,0.148247978436658,0.207388615823688,0.0437609005866498,0.012050103060092,1957,0.2557029177718,1210,0.45409886,0.54590114,0.6466843501326,29.80031160737471,2.43,0.282482421277897,34,36849,0.148247978436658,0.207388615823688,5600638289a44ed0142ba8af,Seattle,344031,47.52674,-122.361155,South Delridge,Washington,http://www.zillow.com/local-info/WA-Seattle/South-Delridge/r_344031/,268000,24,South Delridge,2,1691,179,20,33,32,18,19,0.65,-0.030303030303,-0.4375,53.2,70.3,54,0.282722513089,16,0.0837696335079,44,0.230366492147,12,0.0628272251309,65,0.340314136126,0,0.0,191
0.108,,0,,0,324700,401200,458300,314200,0,305,408300,394700,0,,0.041,0,2467,0.096,358000,0.2167085427135,0.1482412060301,0.1231155778894,0.0672110552763,0.1953517587939,NA,0.2462311557788,0.122011469181868,0.0850950400447247,0.187289294018491,0.215575777918013,0.195587297923434,0.096254780590485,0.0570835856863933,0.0411027546365904,0.340303932155179,0.268937911755078,0.173123375084185,0.0671892107471132,0.089857139094675,0.0605884311637689,0.295729764181,0.1899298916507,0.1172721478648,0.0478011472275,0.3282345442957,0.0152963671128,0.2659053833605,0.2017400761283,0.5323545405111,0.800777562418892,0.199222437581108,0.54237511,0.45762489,0.0949819289893221,0.0605076354375529,0.20226861662533,0.214033303874893,0.159292553983383,0.236983329057108,0.0252287780449099,0.00670385398750075,1961,0.2659053833605,1220,0.54237511,0.45762489,0.5323545405111,25.745994382635455,2.23546884965126,0.199222437581108,35,47996.1804770865,0.159292553983383,0.236983329057108,5600638289a44ed0142ba8cc,Seattle,344032,47.562584,-122.363922,North Delridge,Washington,http://www.zillow.com/local-info/WA-Seattle/North-Delridge/r_344032/,325500,13,North Delridge,0,794,70,38,34,63,71,65,-0.105263157895,0.852941176471,0.126984126984,50.9047619048,44.0952380952,131,0.793939393939,11,0.0666666666667,12,0.0727272727273,4,0.0242424242424,4,0.0242424242424,3,0.0181818181818,165
0.112,,0,,0,335400,370400,406800,332900,0,261,387000,377300,0,,0.013,0,2566,0.097,353300,NA,NA,NA,NA,NA,NA,NA,0.190429168014143,0.170842250030529,0.147103983536557,0.18356381922607,0.145254612462854,0.0788827192633963,0.0423502700078128,0.041573177458638,0.244999877530101,0.229968430495097,0.256424701577828,0.110692454051836,0.0742883921181146,0.0836261442270232,NA,NA,NA,NA,NA,NA,NA,NA,NA,0.72767433613765,0.27232566386235,0.35191599,0.64808401,0.0656206537610411,0.0519608088141917,0.216186739033644,0.192307829617998,0.211159318361828,0.216455259143582,0.0360949168862683,0.0102144743814475,1949,0.2496228965463,1520,0.35191599,0.64808401,0.6487942484377,29.786278010367887,2.82067769860153,0.27232566386235,30,29811.1161319798,0.211159318361828,0.216455259143582,5600638289a44ed0142ba8a6,Seattle,344033,47.543744,-122.368502,High Point,Washington,http://www.zillow.com/local-info/WA-Seattle/High-Point/r_344033/,322800,27,High Point,0,829,204,18,54,89,39,27,2.0,0.648148148148,-0.561797752809,47.0,54.4375,134,0.827160493827,2,0.0123456790123,20,0.123456790123,1,0.00617283950617,5,0.0308641975309,0,0.0,162
0.087,,0,,0,291700,344100,396600,367200,0,247,380000,351800,0,,0.008,0,2611,0.068,349600,0.050922509225,0.1129151291512,0.2649446494464,0.1837638376383,0.2966789667896,NA,0.090774907749,0.163463520301973,0.150049103011247,0.124564033963926,0.170953245042212,0.197901300926693,0.0966369489045785,0.0508862790425115,0.0455455688068575,0.350985211165442,0.248472474676361,0.166316786564604,0.105264842169939,0.0630808223035765,0.0658798631200772,0.2622585438335,0.2154531946508,0.2236255572065,0.0802377414561,0.2087667161961,NA,0.0426332288401,0.1542319749216,0.7974921630094,0.655892555856249,0.344107444143751,0.70591705,0.29408295,0.0716285150920053,0.0492785831827205,0.253802670853328,0.253392933151758,0.144771335864248,0.191872607377135,0.0246319985254747,0.0106213559533297,1965,0.0426332288401,1460,0.70591705,0.29408295,0.7974921630094,26.97842903834173,3.04056589441702,0.344107444143751,33,51687.1279908849,0.144771335864248,0.191872607377135,5600638289a44ed0142ba8d0,Seattle,344034,47.546367,-122.35274,Riverview,Washington,http://www.zillow.com/local-info/WA-Seattle/Riverview/r_344034/,325300,8,Riverview,2,477,34,17,30,38,27,28,0.764705882353,0.266666666667,-0.289473684211,42.5882352941,37.8235294118,54,0.282722513089,16,0.0837696335079,28,0.146596858639,27,0.141361256545,64,0.335078534031,2,0.0104712041885,191
